/usr/local/lib/python3.9/site-packages/mmengine/optim/optimizer/zero_optimizer.py:11: DeprecationWarning: `TorchScript` support for functional optimizers is deprecated and will be removed in a future PyTorch release. Consider using the `torch.compile` optimizer instead.
  from torch.distributed.optim import \
[2026-05-19 21:34:45,568] [INFO] [real_accelerator.py:191:get_accelerator] Setting ds_accelerator to cuda (auto detect)
/usr/local/lib/python3.9/site-packages/deepspeed/runtime/zero/linear.py:49: FutureWarning: `torch.cuda.amp.custom_fwd(args...)` is deprecated. Please use `torch.amp.custom_fwd(args..., device_type='cuda')` instead.
  def forward(ctx, input, weight, bias=None):
/usr/local/lib/python3.9/site-packages/deepspeed/runtime/zero/linear.py:67: FutureWarning: `torch.cuda.amp.custom_bwd(args...)` is deprecated. Please use `torch.amp.custom_bwd(args..., device_type='cuda')` instead.
  def backward(ctx, grad_output):
[2026/05/19 21:34:48] hftrainer INFO: Config: configs/hymotion_m2m/hymotion_m2m_completion_151dim_uncond_fm_046b_with_filter.py
[2026/05/19 21:34:48] hftrainer INFO: Work dir: work_dirs/hymotion_m2m_completion_151dim_uncond_fm_046b_with_filter
Detected kernel version 5.4.119, which is below the recommended minimum of 5.5.0; this can cause the process to hang. It is recommended to upgrade the kernel to the minimum version or higher.
[2026/05/19 21:34:48] hftrainer INFO: Config saved to: work_dirs/hymotion_m2m_completion_151dim_uncond_fm_046b_with_filter/20260519_213448/config.py
[2026/05/19 21:34:48] hftrainer INFO: Work dir: work_dirs/hymotion_m2m_completion_151dim_uncond_fm_046b_with_filter
[2026/05/19 21:34:48] hftrainer INFO: Run dir (logs/tb): work_dirs/hymotion_m2m_completion_151dim_uncond_fm_046b_with_filter/20260519_213448
[2026/05/19 21:34:48] hftrainer INFO: Environment info:
Platform: Linux-5.4.119-19.0009.56-x86_64-with-glibc2.28
Python: 3.9.16 (main, Sep 22 2023, 12:15:56) 
[GCC 8.5.0 20210514 (TencentOS 8.5.0-18)]
PyTorch: 2.5.0+cu118
CUDA available: True
CUDA version: 11.8
GPU count: 1
  GPU 0: Tesla T4
accelerate: 1.10.1
transformers: 4.57.3
diffusers: 0.36.0
peft: 0.17.1
mmengine: 0.10.7
safetensors: 0.7.0
[2026/05/19 21:34:54] hftrainer INFO: 
Model Summary:
  Module              Total Params  Trainable Params  Trainable  Save Ckpt
  ------------------  ------------  ----------------  ---------  ---------
  motion_transformer   461,203,095       461,203,095  True       True     
  m2m_loss                       0                 0  False      False    
  kimodo_aux_loss                0                 0  False      False    
  <bundle-orphan>            4,864             4,864  True       True     
  ------------------  ------------  ----------------  ---------  ---------
  TOTAL                461,207,959       461,207,959
  Trainable ratio: 100.00%
  Bundle orphan tensors:
  <bundle-orphan> null_vtxt_feat           param shape=(1, 1, 768) norm=0.2807 requires_grad=True
  <bundle-orphan> null_ctxt_input          param shape=(1, 1, 4096) norm=0.6417 requires_grad=True
  <bundle-orphan> mean                     buffer shape=(151,) norm=6.4277
  <bundle-orphan> std                      buffer shape=(151,) norm=2.8737

[2026/05/19 21:34:54] hftrainer INFO: Building trainer...
[2026/05/19 21:34:54] hftrainer INFO: Building dataloaders...
Loading data_list:   0%|          | 0/407552 [00:00<?, ?it/s]Loading data_list:  12%|█▏        | 47174/407552 [00:00<00:00, 471684.22it/s]Loading data_list:  25%|██▍       | 100095/407552 [00:00<00:00, 505498.87it/s]Loading data_list:  38%|███▊      | 153141/407552 [00:00<00:00, 516877.72it/s]Loading data_list:  51%|█████     | 206218/407552 [00:00<00:00, 522344.45it/s]Loading data_list:  64%|██████▎   | 259174/407552 [00:00<00:00, 524929.77it/s]Loading data_list:  77%|███████▋  | 312087/407552 [00:00<00:00, 526346.42it/s]Loading data_list:  90%|████████▉ | 364817/407552 [00:00<00:00, 526643.95it/s]Loading data_list: 100%|██████████| 407552/407552 [00:00<00:00, 521794.11it/s]
Loaded 407552 samples from data/annotation/train_hymotion_400h_hq_20260403.json
[2026/05/19 21:34:59] hftrainer INFO: Building optimizers...
[2026/05/19 21:34:59] hftrainer INFO: Starting accelerator.prepare()...
[2026/05/19 21:35:12] hftrainer WARNING: Skipped 3 shape-mismatched params in module 'motion_transformer': ['input_encoder.weight: ckpt (1024, 201) vs model (1024, 604)', 'final_layer.linear.weight: ckpt (201, 1024) vs model (151, 1024)', 'final_layer.linear.bias: ckpt (201,) vs model (151,)']
[2026/05/19 21:35:13] hftrainer WARNING: Missing keys in module 'motion_transformer': ['input_encoder.weight', 'final_layer.linear.weight', 'final_layer.linear.bias']...
[2026/05/19 21:35:13] hftrainer INFO: ============================================================
[2026/05/19 21:35:13] hftrainer INFO: Loaded model weights from: checkpoints/HY-Motion-1.0/HY-Motion-1.0-Lite/latest.ckpt
[2026/05/19 21:35:13] hftrainer INFO: Optimizer and training state reset to initial.
[2026/05/19 21:35:13] hftrainer INFO: ============================================================
[2026/05/19 21:35:13] hftrainer INFO: [Rank 0] train(): entering before_run hooks
[2026/05/19 21:35:13] hftrainer INFO: [Rank 0] before_run -> LoggerHook
[2026/05/19 21:35:13] hftrainer INFO: [Rank 0] before_run done -> LoggerHook
[2026/05/19 21:35:13] hftrainer INFO: [Rank 0] before_run -> EMAHook
[2026/05/19 21:35:13] hftrainer INFO: EMA hook initialized.
[2026/05/19 21:35:13] hftrainer INFO: [Rank 0] before_run done -> EMAHook
[2026/05/19 21:35:13] hftrainer INFO: [Rank 0] all before_run hooks done; entering main training loop (by_epoch=True)
[2026/05/19 21:35:13] hftrainer INFO: [Rank 0] _train_by_epoch: starting from current_epoch=0, max_epochs=1000
[2026/05/19 21:35:13] hftrainer INFO: [Rank 0] epoch=0: bundle.train()
[2026/05/19 21:35:13] hftrainer INFO: [Rank 0] before_train_epoch -> LoggerHook
[2026/05/19 21:35:13] hftrainer INFO: [Rank 0] before_train_epoch done -> LoggerHook
[2026/05/19 21:35:13] hftrainer INFO: [Rank 0] starting dataloader iter for epoch=0
/apdcephfs/AILab_DHA/apdcephfs_cq11/share_1467498/home/zeyuling/hf_trainer/hftrainer/datasets/motion/motionhub/transforms/universal_mask.py:610: FutureWarning: You are using `torch.load` with `weights_only=False` (the current default value), which uses the default pickle module implicitly. It is possible to construct malicious pickle data which will execute arbitrary code during unpickling (See https://github.com/pytorch/pytorch/blob/main/SECURITY.md#untrusted-models for more details). In a future release, the default value for `weights_only` will be flipped to `True`. This limits the functions that could be executed during unpickling. Arbitrary objects will no longer be allowed to be loaded via this mode unless they are explicitly allowlisted by the user via `torch.serialization.add_safe_globals`. We recommend you start setting `weights_only=True` for any use case where you don't have full control of the loaded file. Please open an issue on GitHub for any issues related to this experimental feature.
  bone_offsets = torch.load(
/apdcephfs/AILab_DHA/apdcephfs_cq11/share_1467498/home/zeyuling/hf_trainer/hftrainer/datasets/motion/motionhub/transforms/universal_mask.py:610: FutureWarning: You are using `torch.load` with `weights_only=False` (the current default value), which uses the default pickle module implicitly. It is possible to construct malicious pickle data which will execute arbitrary code during unpickling (See https://github.com/pytorch/pytorch/blob/main/SECURITY.md#untrusted-models for more details). In a future release, the default value for `weights_only` will be flipped to `True`. This limits the functions that could be executed during unpickling. Arbitrary objects will no longer be allowed to be loaded via this mode unless they are explicitly allowlisted by the user via `torch.serialization.add_safe_globals`. We recommend you start setting `weights_only=True` for any use case where you don't have full control of the loaded file. Please open an issue on GitHub for any issues related to this experimental feature.
  bone_offsets = torch.load(
/apdcephfs/AILab_DHA/apdcephfs_cq11/share_1467498/home/zeyuling/hf_trainer/hftrainer/datasets/motion/motionhub/transforms/universal_mask.py:610: FutureWarning: You are using `torch.load` with `weights_only=False` (the current default value), which uses the default pickle module implicitly. It is possible to construct malicious pickle data which will execute arbitrary code during unpickling (See https://github.com/pytorch/pytorch/blob/main/SECURITY.md#untrusted-models for more details). In a future release, the default value for `weights_only` will be flipped to `True`. This limits the functions that could be executed during unpickling. Arbitrary objects will no longer be allowed to be loaded via this mode unless they are explicitly allowlisted by the user via `torch.serialization.add_safe_globals`. We recommend you start setting `weights_only=True` for any use case where you don't have full control of the loaded file. Please open an issue on GitHub for any issues related to this experimental feature.
  bone_offsets = torch.load(
[2026/05/19 21:35:14] hftrainer INFO: [Rank 0] first batch received for epoch=0
[2026/05/19 21:35:18] hftrainer WARNING: Skipping batch: found motion dims {198, 151} != 151. Batch has mixed dimensions: [151, 198, 151, 151, 198, 198, 151, 151]
[2026/05/19 21:35:18] hftrainer INFO: Creating skip context for batch with B=8, L=360, D=151
[2026/05/19 21:35:18] hftrainer INFO: train_step: Skipping batch due to: dimension_mismatch
/apdcephfs/AILab_DHA/apdcephfs_cq11/share_1467498/home/zeyuling/hf_trainer/hftrainer/datasets/motion/motionhub/transforms/universal_mask.py:610: FutureWarning: You are using `torch.load` with `weights_only=False` (the current default value), which uses the default pickle module implicitly. It is possible to construct malicious pickle data which will execute arbitrary code during unpickling (See https://github.com/pytorch/pytorch/blob/main/SECURITY.md#untrusted-models for more details). In a future release, the default value for `weights_only` will be flipped to `True`. This limits the functions that could be executed during unpickling. Arbitrary objects will no longer be allowed to be loaded via this mode unless they are explicitly allowlisted by the user via `torch.serialization.add_safe_globals`. We recommend you start setting `weights_only=True` for any use case where you don't have full control of the loaded file. Please open an issue on GitHub for any issues related to this experimental feature.
  bone_offsets = torch.load(
[2026/05/19 21:35:19] hftrainer WARNING: Skipping batch: found motion dims {198, 151} != 151. Batch has mixed dimensions: [151, 151, 198, 151, 151, 151, 198, 151]
[2026/05/19 21:35:19] hftrainer INFO: Creating skip context for batch with B=8, L=360, D=151
[2026/05/19 21:35:19] hftrainer INFO: train_step: Skipping batch due to: dimension_mismatch
[2026/05/19 21:35:19] hftrainer WARNING: Skipping batch: found motion dims {198, 151} != 151. Batch has mixed dimensions: [151, 198, 198, 198, 151, 151, 151, 151]
[2026/05/19 21:35:19] hftrainer INFO: Creating skip context for batch with B=8, L=360, D=151
[2026/05/19 21:35:19] hftrainer INFO: train_step: Skipping batch due to: dimension_mismatch
[2026/05/19 21:35:24] hftrainer WARNING: Skipping batch: found motion dims {198, 151} != 151. Batch has mixed dimensions: [198, 151, 151, 151, 151, 151, 151, 151]
[2026/05/19 21:35:24] hftrainer INFO: Creating skip context for batch with B=8, L=360, D=151
[2026/05/19 21:35:24] hftrainer INFO: train_step: Skipping batch due to: dimension_mismatch
[2026/05/19 21:35:25] hftrainer INFO: epoch [1/1000]  step [10/50944]  loss=1.1151  loss_velocity=0.9963  loss_x1=0.0000  loss_smoothness=0.1188  data_time=0.06s  train_time=1.05s  eta=698d 01:38:25
[2026/05/19 21:35:25] hftrainer WARNING: Skipping batch: found motion dims {198, 151} != 151. Batch has mixed dimensions: [198, 151, 198, 198, 151, 151, 198, 151]
[2026/05/19 21:35:25] hftrainer INFO: Creating skip context for batch with B=8, L=360, D=151
[2026/05/19 21:35:25] hftrainer INFO: train_step: Skipping batch due to: dimension_mismatch
[2026/05/19 21:35:25] hftrainer WARNING: Skipping batch: found motion dims {198, 151} != 151. Batch has mixed dimensions: [151, 151, 151, 151, 151, 151, 198, 151]
[2026/05/19 21:35:25] hftrainer INFO: Creating skip context for batch with B=8, L=360, D=151
[2026/05/19 21:35:25] hftrainer INFO: train_step: Skipping batch due to: dimension_mismatch
[2026/05/19 21:35:25] hftrainer WARNING: Skipping batch: found motion dims {198, 151} != 151. Batch has mixed dimensions: [151, 151, 151, 151, 151, 198, 151, 151]
[2026/05/19 21:35:25] hftrainer INFO: Creating skip context for batch with B=8, L=360, D=151
[2026/05/19 21:35:25] hftrainer INFO: train_step: Skipping batch due to: dimension_mismatch
[2026/05/19 21:35:25] hftrainer WARNING: Skipping batch: found motion dims {198, 151} != 151. Batch has mixed dimensions: [198, 151, 151, 151, 151, 151, 151, 151]
[2026/05/19 21:35:25] hftrainer INFO: Creating skip context for batch with B=8, L=360, D=151
[2026/05/19 21:35:25] hftrainer INFO: train_step: Skipping batch due to: dimension_mismatch
[2026/05/19 21:35:27] hftrainer WARNING: Skipping batch: found motion dims {198, 151} != 151. Batch has mixed dimensions: [151, 198, 151, 151, 151, 151, 151, 151]
[2026/05/19 21:35:27] hftrainer INFO: Creating skip context for batch with B=8, L=360, D=151
[2026/05/19 21:35:27] hftrainer INFO: train_step: Skipping batch due to: dimension_mismatch
[2026/05/19 21:35:27] hftrainer WARNING: Skipping batch: found motion dims {198, 151} != 151. Batch has mixed dimensions: [198, 151, 151, 151, 151, 198, 151, 151]
[2026/05/19 21:35:27] hftrainer INFO: Creating skip context for batch with B=8, L=360, D=151
[2026/05/19 21:35:27] hftrainer INFO: train_step: Skipping batch due to: dimension_mismatch
[2026/05/19 21:35:27] hftrainer WARNING: Skipping batch: found motion dims {198, 151} != 151. Batch has mixed dimensions: [151, 151, 151, 151, 151, 151, 198, 151]
[2026/05/19 21:35:27] hftrainer INFO: Creating skip context for batch with B=8, L=360, D=151
[2026/05/19 21:35:27] hftrainer INFO: train_step: Skipping batch due to: dimension_mismatch
[2026/05/19 21:35:27] hftrainer WARNING: Skipping batch: found motion dims {198, 151} != 151. Batch has mixed dimensions: [151, 151, 198, 151, 151, 151, 151, 198]
[2026/05/19 21:35:27] hftrainer INFO: Creating skip context for batch with B=8, L=360, D=151
[2026/05/19 21:35:27] hftrainer INFO: train_step: Skipping batch due to: dimension_mismatch
[2026/05/19 21:35:28] hftrainer INFO: epoch [1/1000]  step [20/50944]  loss=1.8126  loss_velocity=1.6828  loss_x1=0.0000  loss_smoothness=0.1298  data_time=0.04s  train_time=1.05s  eta=446d 15:32:22
[2026/05/19 21:35:30] hftrainer WARNING: Skipping batch: found motion dims {198, 151} != 151. Batch has mixed dimensions: [151, 151, 151, 198, 151, 151, 151, 151]
[2026/05/19 21:35:30] hftrainer INFO: Creating skip context for batch with B=8, L=360, D=151
[2026/05/19 21:35:30] hftrainer INFO: train_step: Skipping batch due to: dimension_mismatch
[2026/05/19 21:35:34] hftrainer WARNING: Skipping batch: found motion dims {198, 151} != 151. Batch has mixed dimensions: [151, 151, 151, 151, 151, 151, 151, 198]
[2026/05/19 21:35:34] hftrainer INFO: Creating skip context for batch with B=8, L=360, D=151
[2026/05/19 21:35:34] hftrainer INFO: train_step: Skipping batch due to: dimension_mismatch
[2026/05/19 21:35:34] hftrainer WARNING: Skipping batch: found motion dims {198, 151} != 151. Batch has mixed dimensions: [151, 151, 198, 151, 151, 151, 151, 151]
[2026/05/19 21:35:34] hftrainer INFO: Creating skip context for batch with B=8, L=360, D=151
[2026/05/19 21:35:34] hftrainer INFO: train_step: Skipping batch due to: dimension_mismatch
[2026/05/19 21:35:34] hftrainer WARNING: Skipping batch: found motion dims {198, 151} != 151. Batch has mixed dimensions: [151, 151, 151, 151, 151, 151, 198, 151]
[2026/05/19 21:35:34] hftrainer INFO: Creating skip context for batch with B=8, L=360, D=151
[2026/05/19 21:35:34] hftrainer INFO: train_step: Skipping batch due to: dimension_mismatch
[2026/05/19 21:35:36] hftrainer WARNING: Skipping batch: found motion dims {198, 151} != 151. Batch has mixed dimensions: [151, 151, 151, 151, 198, 151, 151, 151]
[2026/05/19 21:35:36] hftrainer INFO: Creating skip context for batch with B=8, L=360, D=151
[2026/05/19 21:35:36] hftrainer INFO: train_step: Skipping batch due to: dimension_mismatch
[2026/05/19 21:35:36] hftrainer INFO: epoch [1/1000]  step [30/50944]  loss=0.0000  data_time=0.39s  train_time=0.01s  eta=451d 03:46:05
[2026/05/19 21:35:36] hftrainer WARNING: Skipping batch: found motion dims {198, 151} != 151. Batch has mixed dimensions: [151, 151, 198, 198, 151, 198, 151, 151]
[2026/05/19 21:35:36] hftrainer INFO: Creating skip context for batch with B=8, L=360, D=151
[2026/05/19 21:35:36] hftrainer INFO: train_step: Skipping batch due to: dimension_mismatch
[2026/05/19 21:35:37] hftrainer WARNING: Skipping batch: found motion dims {198, 151} != 151. Batch has mixed dimensions: [151, 198, 151, 151, 151, 151, 151, 151]
[2026/05/19 21:35:37] hftrainer INFO: Creating skip context for batch with B=8, L=360, D=151
[2026/05/19 21:35:37] hftrainer INFO: train_step: Skipping batch due to: dimension_mismatch
[2026/05/19 21:35:39] hftrainer WARNING: Skipping batch: found motion dims {198, 151} != 151. Batch has mixed dimensions: [151, 151, 198, 151, 151, 151, 151, 151]
[2026/05/19 21:35:39] hftrainer INFO: Creating skip context for batch with B=8, L=360, D=151
[2026/05/19 21:35:39] hftrainer INFO: train_step: Skipping batch due to: dimension_mismatch
[2026/05/19 21:35:39] hftrainer WARNING: Skipping batch: found motion dims {198, 151} != 151. Batch has mixed dimensions: [151, 151, 151, 151, 151, 151, 151, 198]
[2026/05/19 21:35:39] hftrainer INFO: Creating skip context for batch with B=8, L=360, D=151
[2026/05/19 21:35:39] hftrainer INFO: train_step: Skipping batch due to: dimension_mismatch
[2026/05/19 21:35:45] hftrainer INFO: epoch [1/1000]  step [40/50944]  loss=1.2544  loss_velocity=1.2026  loss_x1=0.0000  loss_smoothness=0.0518  data_time=0.39s  train_time=1.07s  eta=464d 21:28:22
[2026/05/19 21:35:45] hftrainer WARNING: Skipping batch: found motion dims {198, 151} != 151. Batch has mixed dimensions: [151, 151, 151, 151, 151, 198, 151, 151]
[2026/05/19 21:35:45] hftrainer INFO: Creating skip context for batch with B=8, L=360, D=151
[2026/05/19 21:35:45] hftrainer INFO: train_step: Skipping batch due to: dimension_mismatch
[2026/05/19 21:35:45] hftrainer WARNING: Skipping batch: found motion dims {198, 151} != 151. Batch has mixed dimensions: [151, 151, 151, 151, 151, 151, 198, 151]
[2026/05/19 21:35:45] hftrainer INFO: Creating skip context for batch with B=8, L=360, D=151
[2026/05/19 21:35:45] hftrainer INFO: train_step: Skipping batch due to: dimension_mismatch
[2026/05/19 21:35:45] hftrainer WARNING: Skipping batch: found motion dims {198, 151} != 151. Batch has mixed dimensions: [198, 151, 151, 151, 151, 151, 151, 151]
[2026/05/19 21:35:45] hftrainer INFO: Creating skip context for batch with B=8, L=360, D=151
[2026/05/19 21:35:45] hftrainer INFO: train_step: Skipping batch due to: dimension_mismatch
[2026/05/19 21:35:45] hftrainer WARNING: Skipping batch: found motion dims {198, 151} != 151. Batch has mixed dimensions: [198, 151, 151, 151, 151, 151, 198, 151]
[2026/05/19 21:35:45] hftrainer INFO: Creating skip context for batch with B=8, L=360, D=151
[2026/05/19 21:35:45] hftrainer INFO: train_step: Skipping batch due to: dimension_mismatch
[2026/05/19 21:35:45] hftrainer WARNING: Skipping batch: found motion dims {198, 151} != 151. Batch has mixed dimensions: [151, 198, 151, 151, 151, 151, 151, 151]
[2026/05/19 21:35:45] hftrainer INFO: Creating skip context for batch with B=8, L=360, D=151
[2026/05/19 21:35:45] hftrainer INFO: train_step: Skipping batch due to: dimension_mismatch
[2026/05/19 21:35:45] hftrainer WARNING: Skipping batch: found motion dims {198, 151} != 151. Batch has mixed dimensions: [198, 198, 151, 151, 198, 151, 151, 151]
[2026/05/19 21:35:45] hftrainer INFO: Creating skip context for batch with B=8, L=360, D=151
[2026/05/19 21:35:45] hftrainer INFO: train_step: Skipping batch due to: dimension_mismatch
[2026/05/19 21:35:45] hftrainer WARNING: Skipping batch: found motion dims {198, 151} != 151. Batch has mixed dimensions: [151, 198, 151, 151, 151, 151, 151, 151]
[2026/05/19 21:35:45] hftrainer INFO: Creating skip context for batch with B=8, L=360, D=151
[2026/05/19 21:35:45] hftrainer INFO: train_step: Skipping batch due to: dimension_mismatch
[2026/05/19 21:35:45] hftrainer WARNING: Skipping batch: found motion dims {198, 151} != 151. Batch has mixed dimensions: [151, 151, 151, 151, 198, 151, 151, 151]
[2026/05/19 21:35:45] hftrainer INFO: Creating skip context for batch with B=8, L=360, D=151
[2026/05/19 21:35:45] hftrainer INFO: train_step: Skipping batch due to: dimension_mismatch
[2026/05/19 21:35:45] hftrainer WARNING: Skipping batch: found motion dims {198, 151} != 151. Batch has mixed dimensions: [151, 151, 151, 151, 198, 151, 151, 151]
[2026/05/19 21:35:45] hftrainer INFO: Creating skip context for batch with B=8, L=360, D=151
[2026/05/19 21:35:45] hftrainer INFO: train_step: Skipping batch due to: dimension_mismatch
[2026/05/19 21:35:45] hftrainer WARNING: Skipping batch: found motion dims {198, 151} != 151. Batch has mixed dimensions: [151, 151, 198, 151, 151, 151, 151, 151]
[2026/05/19 21:35:45] hftrainer INFO: Creating skip context for batch with B=8, L=360, D=151
[2026/05/19 21:35:45] hftrainer INFO: train_step: Skipping batch due to: dimension_mismatch
[2026/05/19 21:35:45] hftrainer INFO: epoch [1/1000]  step [50/50944]  loss=0.0000  data_time=0.04s  train_time=0.00s  eta=383d 18:02:34
[2026/05/19 21:35:48] hftrainer WARNING: Skipping batch: found motion dims {198, 151} != 151. Batch has mixed dimensions: [151, 151, 151, 151, 151, 151, 151, 198]
[2026/05/19 21:35:48] hftrainer INFO: Creating skip context for batch with B=8, L=360, D=151
[2026/05/19 21:35:48] hftrainer INFO: train_step: Skipping batch due to: dimension_mismatch
[2026/05/19 21:35:48] hftrainer WARNING: Skipping batch: found motion dims {198, 151} != 151. Batch has mixed dimensions: [151, 151, 198, 151, 151, 151, 151, 151]
[2026/05/19 21:35:48] hftrainer INFO: Creating skip context for batch with B=8, L=360, D=151
[2026/05/19 21:35:48] hftrainer INFO: train_step: Skipping batch due to: dimension_mismatch
[2026/05/19 21:35:48] hftrainer WARNING: Skipping batch: found motion dims {198, 151} != 151. Batch has mixed dimensions: [151, 198, 151, 151, 151, 151, 151, 198]
[2026/05/19 21:35:48] hftrainer INFO: Creating skip context for batch with B=8, L=360, D=151
[2026/05/19 21:35:48] hftrainer INFO: train_step: Skipping batch due to: dimension_mismatch
[2026/05/19 21:35:48] hftrainer WARNING: Skipping batch: found motion dims {198, 151} != 151. Batch has mixed dimensions: [151, 151, 151, 198, 151, 198, 151, 151]
[2026/05/19 21:35:48] hftrainer INFO: Creating skip context for batch with B=8, L=360, D=151
[2026/05/19 21:35:48] hftrainer INFO: train_step: Skipping batch due to: dimension_mismatch
[2026/05/19 21:35:49] hftrainer WARNING: Skipping batch: found motion dims {198, 151} != 151. Batch has mixed dimensions: [151, 151, 151, 151, 198, 151, 151, 151]
[2026/05/19 21:35:49] hftrainer INFO: Creating skip context for batch with B=8, L=360, D=151
[2026/05/19 21:35:49] hftrainer INFO: train_step: Skipping batch due to: dimension_mismatch
[2026/05/19 21:35:49] hftrainer WARNING: Skipping batch: found motion dims {198, 151} != 151. Batch has mixed dimensions: [151, 151, 151, 151, 198, 151, 151, 151]
[2026/05/19 21:35:49] hftrainer INFO: Creating skip context for batch with B=8, L=360, D=151
[2026/05/19 21:35:49] hftrainer INFO: train_step: Skipping batch due to: dimension_mismatch
[2026/05/19 21:35:49] hftrainer WARNING: Skipping batch: found motion dims {198, 151} != 151. Batch has mixed dimensions: [151, 151, 198, 151, 151, 151, 151, 151]
[2026/05/19 21:35:49] hftrainer INFO: Creating skip context for batch with B=8, L=360, D=151
[2026/05/19 21:35:49] hftrainer INFO: train_step: Skipping batch due to: dimension_mismatch
[2026/05/19 21:35:49] hftrainer WARNING: Skipping batch: found motion dims {198, 151} != 151. Batch has mixed dimensions: [151, 151, 151, 198, 151, 151, 151, 151]
[2026/05/19 21:35:49] hftrainer INFO: Creating skip context for batch with B=8, L=360, D=151
[2026/05/19 21:35:49] hftrainer INFO: train_step: Skipping batch due to: dimension_mismatch
[2026/05/19 21:35:49] hftrainer INFO: epoch [1/1000]  step [60/50944]  loss=0.0000  data_time=0.05s  train_time=0.00s  eta=352d 18:52:29
[2026/05/19 21:35:52] hftrainer WARNING: Skipping batch: found motion dims {198, 151} != 151. Batch has mixed dimensions: [151, 151, 198, 151, 151, 198, 151, 151]
[2026/05/19 21:35:52] hftrainer INFO: Creating skip context for batch with B=8, L=360, D=151
[2026/05/19 21:35:52] hftrainer INFO: train_step: Skipping batch due to: dimension_mismatch
[2026/05/19 21:35:52] hftrainer WARNING: Skipping batch: found motion dims {198, 151} != 151. Batch has mixed dimensions: [198, 151, 151, 151, 151, 198, 151, 151]
[2026/05/19 21:35:52] hftrainer INFO: Creating skip context for batch with B=8, L=360, D=151
[2026/05/19 21:35:52] hftrainer INFO: train_step: Skipping batch due to: dimension_mismatch
[2026/05/19 21:35:52] hftrainer WARNING: Skipping batch: found motion dims {198, 151} != 151. Batch has mixed dimensions: [198, 151, 151, 151, 151, 151, 151, 151]
[2026/05/19 21:35:52] hftrainer INFO: Creating skip context for batch with B=8, L=360, D=151
[2026/05/19 21:35:52] hftrainer INFO: train_step: Skipping batch due to: dimension_mismatch
[2026/05/19 21:35:52] hftrainer WARNING: Skipping batch: found motion dims {198, 151} != 151. Batch has mixed dimensions: [198, 151, 151, 151, 151, 151, 151, 151]
[2026/05/19 21:35:52] hftrainer INFO: Creating skip context for batch with B=8, L=360, D=151
[2026/05/19 21:35:52] hftrainer INFO: train_step: Skipping batch due to: dimension_mismatch
[2026/05/19 21:35:52] hftrainer WARNING: Skipping batch: found motion dims {198, 151} != 151. Batch has mixed dimensions: [151, 151, 151, 198, 151, 151, 151, 151]
[2026/05/19 21:35:52] hftrainer INFO: Creating skip context for batch with B=8, L=360, D=151
[2026/05/19 21:35:52] hftrainer INFO: train_step: Skipping batch due to: dimension_mismatch
[2026/05/19 21:35:52] hftrainer WARNING: Skipping batch: found motion dims {198, 151} != 151. Batch has mixed dimensions: [151, 151, 151, 198, 151, 198, 151, 151]
[2026/05/19 21:35:52] hftrainer INFO: Creating skip context for batch with B=8, L=360, D=151
[2026/05/19 21:35:52] hftrainer INFO: train_step: Skipping batch due to: dimension_mismatch
[2026/05/19 21:35:52] hftrainer WARNING: Skipping batch: found motion dims {198, 151} != 151. Batch has mixed dimensions: [151, 151, 151, 151, 198, 151, 151, 151]
[2026/05/19 21:35:52] hftrainer INFO: Creating skip context for batch with B=8, L=360, D=151
[2026/05/19 21:35:52] hftrainer INFO: train_step: Skipping batch due to: dimension_mismatch
[2026/05/19 21:35:52] hftrainer WARNING: Skipping batch: found motion dims {198, 151} != 151. Batch has mixed dimensions: [198, 151, 151, 151, 151, 151, 198, 198]
[2026/05/19 21:35:52] hftrainer INFO: Creating skip context for batch with B=8, L=360, D=151
[2026/05/19 21:35:52] hftrainer INFO: train_step: Skipping batch due to: dimension_mismatch
[2026/05/19 21:35:52] hftrainer INFO: epoch [1/1000]  step [70/50944]  loss=0.0000  data_time=0.05s  train_time=0.01s  eta=331d 16:27:01
[2026/05/19 21:35:53] hftrainer WARNING: Skipping batch: found motion dims {198, 151} != 151. Batch has mixed dimensions: [198, 151, 151, 151, 198, 151, 151, 151]
[2026/05/19 21:35:53] hftrainer INFO: Creating skip context for batch with B=8, L=360, D=151
[2026/05/19 21:35:53] hftrainer INFO: train_step: Skipping batch due to: dimension_mismatch
[2026/05/19 21:35:53] hftrainer WARNING: Skipping batch: found motion dims {198, 151} != 151. Batch has mixed dimensions: [151, 151, 151, 198, 151, 151, 198, 198]
[2026/05/19 21:35:53] hftrainer INFO: Creating skip context for batch with B=8, L=360, D=151
[2026/05/19 21:35:53] hftrainer INFO: train_step: Skipping batch due to: dimension_mismatch
[2026/05/19 21:35:53] hftrainer WARNING: Skipping batch: found motion dims {198, 151} != 151. Batch has mixed dimensions: [151, 198, 151, 151, 151, 198, 151, 198]
[2026/05/19 21:35:53] hftrainer INFO: Creating skip context for batch with B=8, L=360, D=151
[2026/05/19 21:35:53] hftrainer INFO: train_step: Skipping batch due to: dimension_mismatch
[2026/05/19 21:35:54] hftrainer WARNING: Skipping batch: found motion dims {198, 151} != 151. Batch has mixed dimensions: [151, 151, 151, 151, 151, 151, 151, 198]
[2026/05/19 21:35:54] hftrainer INFO: Creating skip context for batch with B=8, L=360, D=151
[2026/05/19 21:35:54] hftrainer INFO: train_step: Skipping batch due to: dimension_mismatch
[2026/05/19 21:35:57] hftrainer WARNING: Skipping batch: found motion dims {198, 151} != 151. Batch has mixed dimensions: [151, 151, 151, 151, 198, 151, 151, 151]
[2026/05/19 21:35:57] hftrainer INFO: Creating skip context for batch with B=8, L=360, D=151
[2026/05/19 21:35:57] hftrainer INFO: train_step: Skipping batch due to: dimension_mismatch
[2026/05/19 21:35:59] hftrainer WARNING: Skipping batch: found motion dims {198, 151} != 151. Batch has mixed dimensions: [151, 151, 151, 151, 151, 198, 151, 151]
[2026/05/19 21:35:59] hftrainer INFO: Creating skip context for batch with B=8, L=360, D=151
[2026/05/19 21:35:59] hftrainer INFO: train_step: Skipping batch due to: dimension_mismatch
[2026/05/19 21:35:59] hftrainer INFO: epoch [1/1000]  step [80/50944]  loss=0.0000  data_time=0.40s  train_time=0.01s  eta=339d 06:18:36
[2026/05/19 21:35:59] hftrainer WARNING: Skipping batch: found motion dims {198, 151} != 151. Batch has mixed dimensions: [151, 151, 151, 151, 198, 151, 151, 151]
[2026/05/19 21:35:59] hftrainer INFO: Creating skip context for batch with B=8, L=360, D=151
[2026/05/19 21:35:59] hftrainer INFO: train_step: Skipping batch due to: dimension_mismatch
[2026/05/19 21:35:59] hftrainer WARNING: Skipping batch: found motion dims {198, 151} != 151. Batch has mixed dimensions: [151, 151, 151, 151, 151, 151, 151, 198]
[2026/05/19 21:35:59] hftrainer INFO: Creating skip context for batch with B=8, L=360, D=151
[2026/05/19 21:35:59] hftrainer INFO: train_step: Skipping batch due to: dimension_mismatch
[2026/05/19 21:35:59] hftrainer WARNING: Skipping batch: found motion dims {198, 151} != 151. Batch has mixed dimensions: [151, 151, 198, 151, 151, 151, 151, 151]
[2026/05/19 21:35:59] hftrainer INFO: Creating skip context for batch with B=8, L=360, D=151
[2026/05/19 21:35:59] hftrainer INFO: train_step: Skipping batch due to: dimension_mismatch
[2026/05/19 21:35:59] hftrainer WARNING: Skipping batch: found motion dims {198, 151} != 151. Batch has mixed dimensions: [151, 151, 151, 198, 198, 151, 151, 151]
[2026/05/19 21:35:59] hftrainer INFO: Creating skip context for batch with B=8, L=360, D=151
[2026/05/19 21:35:59] hftrainer INFO: train_step: Skipping batch due to: dimension_mismatch
[2026/05/19 21:35:59] hftrainer WARNING: Skipping batch: found motion dims {198, 151} != 151. Batch has mixed dimensions: [151, 151, 198, 151, 151, 151, 151, 151]
[2026/05/19 21:35:59] hftrainer INFO: Creating skip context for batch with B=8, L=360, D=151
[2026/05/19 21:35:59] hftrainer INFO: train_step: Skipping batch due to: dimension_mismatch
[2026/05/19 21:35:59] hftrainer WARNING: Skipping batch: found motion dims {198, 151} != 151. Batch has mixed dimensions: [198, 151, 151, 151, 198, 151, 198, 151]
[2026/05/19 21:35:59] hftrainer INFO: Creating skip context for batch with B=8, L=360, D=151
[2026/05/19 21:35:59] hftrainer INFO: train_step: Skipping batch due to: dimension_mismatch
[2026/05/19 21:35:59] hftrainer WARNING: Skipping batch: found motion dims {198, 151} != 151. Batch has mixed dimensions: [151, 151, 151, 151, 151, 198, 151, 151]
[2026/05/19 21:35:59] hftrainer INFO: Creating skip context for batch with B=8, L=360, D=151
[2026/05/19 21:35:59] hftrainer INFO: train_step: Skipping batch due to: dimension_mismatch
[2026/05/19 21:36:01] hftrainer WARNING: Skipping batch: found motion dims {198, 151} != 151. Batch has mixed dimensions: [151, 198, 151, 151, 151, 151, 151, 151]
[2026/05/19 21:36:01] hftrainer INFO: Creating skip context for batch with B=8, L=360, D=151
[2026/05/19 21:36:01] hftrainer INFO: train_step: Skipping batch due to: dimension_mismatch
[2026/05/19 21:36:01] hftrainer WARNING: Skipping batch: found motion dims {198, 151} != 151. Batch has mixed dimensions: [151, 151, 198, 151, 151, 151, 151, 151]
[2026/05/19 21:36:01] hftrainer INFO: Creating skip context for batch with B=8, L=360, D=151
[2026/05/19 21:36:01] hftrainer INFO: train_step: Skipping batch due to: dimension_mismatch
[2026/05/19 21:36:01] hftrainer INFO: epoch [1/1000]  step [90/50944]  loss=0.0000  data_time=0.04s  train_time=0.00s  eta=315d 12:11:03
[2026/05/19 21:36:01] hftrainer WARNING: Skipping batch: found motion dims {198, 151} != 151. Batch has mixed dimensions: [151, 151, 198, 151, 151, 151, 151, 151]
[2026/05/19 21:36:01] hftrainer INFO: Creating skip context for batch with B=8, L=360, D=151
[2026/05/19 21:36:01] hftrainer INFO: train_step: Skipping batch due to: dimension_mismatch
[2026/05/19 21:36:03] hftrainer WARNING: Skipping batch: found motion dims {198, 151} != 151. Batch has mixed dimensions: [198, 151, 151, 151, 151, 151, 198, 151]
[2026/05/19 21:36:03] hftrainer INFO: Creating skip context for batch with B=8, L=360, D=151
[2026/05/19 21:36:03] hftrainer INFO: train_step: Skipping batch due to: dimension_mismatch
[2026/05/19 21:36:03] hftrainer WARNING: Skipping batch: found motion dims {198, 151} != 151. Batch has mixed dimensions: [151, 151, 151, 151, 151, 151, 198, 198]
[2026/05/19 21:36:03] hftrainer INFO: Creating skip context for batch with B=8, L=360, D=151
[2026/05/19 21:36:03] hftrainer INFO: train_step: Skipping batch due to: dimension_mismatch
[2026/05/19 21:36:06] hftrainer WARNING: Skipping batch: found motion dims {198, 151} != 151. Batch has mixed dimensions: [151, 151, 198, 151, 151, 151, 151, 151]
[2026/05/19 21:36:06] hftrainer INFO: Creating skip context for batch with B=8, L=360, D=151
[2026/05/19 21:36:06] hftrainer INFO: train_step: Skipping batch due to: dimension_mismatch
[2026/05/19 21:36:07] hftrainer WARNING: Skipping batch: found motion dims {198, 151} != 151. Batch has mixed dimensions: [151, 151, 151, 151, 151, 198, 151, 151]
[2026/05/19 21:36:07] hftrainer INFO: Creating skip context for batch with B=8, L=360, D=151
[2026/05/19 21:36:07] hftrainer INFO: train_step: Skipping batch due to: dimension_mismatch
[2026/05/19 21:36:07] hftrainer WARNING: Skipping batch: found motion dims {198, 151} != 151. Batch has mixed dimensions: [198, 151, 151, 151, 151, 151, 151, 151]
[2026/05/19 21:36:07] hftrainer INFO: Creating skip context for batch with B=8, L=360, D=151
[2026/05/19 21:36:07] hftrainer INFO: train_step: Skipping batch due to: dimension_mismatch
[2026/05/19 21:36:07] hftrainer INFO: epoch [1/1000]  step [100/50944]  loss=0.0000  data_time=0.04s  train_time=0.00s  eta=320d 17:37:30
[2026/05/19 21:36:07] hftrainer WARNING: Skipping batch: found motion dims {198, 151} != 151. Batch has mixed dimensions: [198, 151, 198, 151, 151, 151, 151, 198]
[2026/05/19 21:36:07] hftrainer INFO: Creating skip context for batch with B=8, L=360, D=151
[2026/05/19 21:36:07] hftrainer INFO: train_step: Skipping batch due to: dimension_mismatch
[2026/05/19 21:36:09] hftrainer WARNING: Skipping batch: found motion dims {198, 151} != 151. Batch has mixed dimensions: [151, 151, 151, 151, 151, 198, 151, 151]
[2026/05/19 21:36:09] hftrainer INFO: Creating skip context for batch with B=8, L=360, D=151
[2026/05/19 21:36:09] hftrainer INFO: train_step: Skipping batch due to: dimension_mismatch
[2026/05/19 21:36:09] hftrainer WARNING: Skipping batch: found motion dims {198, 151} != 151. Batch has mixed dimensions: [151, 151, 198, 151, 198, 151, 151, 151]
[2026/05/19 21:36:09] hftrainer INFO: Creating skip context for batch with B=8, L=360, D=151
[2026/05/19 21:36:09] hftrainer INFO: train_step: Skipping batch due to: dimension_mismatch
[2026/05/19 21:36:09] hftrainer WARNING: Skipping batch: found motion dims {198, 151} != 151. Batch has mixed dimensions: [198, 151, 151, 151, 151, 151, 151, 151]
[2026/05/19 21:36:09] hftrainer INFO: Creating skip context for batch with B=8, L=360, D=151
[2026/05/19 21:36:09] hftrainer INFO: train_step: Skipping batch due to: dimension_mismatch
[2026/05/19 21:36:09] hftrainer WARNING: Skipping batch: found motion dims {198, 151} != 151. Batch has mixed dimensions: [151, 198, 151, 151, 151, 151, 151, 151]
[2026/05/19 21:36:09] hftrainer INFO: Creating skip context for batch with B=8, L=360, D=151
[2026/05/19 21:36:09] hftrainer INFO: train_step: Skipping batch due to: dimension_mismatch
[2026/05/19 21:36:09] hftrainer WARNING: Skipping batch: found motion dims {198, 151} != 151. Batch has mixed dimensions: [151, 198, 151, 151, 151, 151, 151, 151]
[2026/05/19 21:36:09] hftrainer INFO: Creating skip context for batch with B=8, L=360, D=151
[2026/05/19 21:36:09] hftrainer INFO: train_step: Skipping batch due to: dimension_mismatch
[2026/05/19 21:36:10] hftrainer WARNING: Skipping batch: found motion dims {198, 151} != 151. Batch has mixed dimensions: [151, 151, 151, 151, 198, 151, 151, 151]
[2026/05/19 21:36:10] hftrainer INFO: Creating skip context for batch with B=8, L=360, D=151
[2026/05/19 21:36:10] hftrainer INFO: train_step: Skipping batch due to: dimension_mismatch
[2026/05/19 21:36:11] hftrainer WARNING: Skipping batch: found motion dims {198, 151} != 151. Batch has mixed dimensions: [198, 151, 151, 151, 151, 151, 151, 151]
[2026/05/19 21:36:11] hftrainer INFO: Creating skip context for batch with B=8, L=360, D=151
[2026/05/19 21:36:11] hftrainer INFO: train_step: Skipping batch due to: dimension_mismatch
[2026/05/19 21:36:11] hftrainer INFO: epoch [1/1000]  step [110/50944]  loss=0.0000  data_time=0.05s  train_time=0.00s  eta=270d 17:44:06
[2026/05/19 21:36:12] hftrainer WARNING: Skipping batch: found motion dims {198, 151} != 151. Batch has mixed dimensions: [151, 151, 151, 151, 151, 151, 198, 151]
[2026/05/19 21:36:12] hftrainer INFO: Creating skip context for batch with B=8, L=360, D=151
[2026/05/19 21:36:12] hftrainer INFO: train_step: Skipping batch due to: dimension_mismatch
[2026/05/19 21:36:12] hftrainer WARNING: Skipping batch: found motion dims {198, 151} != 151. Batch has mixed dimensions: [151, 151, 198, 151, 151, 151, 151, 151]
[2026/05/19 21:36:12] hftrainer INFO: Creating skip context for batch with B=8, L=360, D=151
[2026/05/19 21:36:12] hftrainer INFO: train_step: Skipping batch due to: dimension_mismatch
[2026/05/19 21:36:12] hftrainer WARNING: Skipping batch: found motion dims {198, 151} != 151. Batch has mixed dimensions: [151, 198, 151, 198, 151, 151, 151, 151]
[2026/05/19 21:36:12] hftrainer INFO: Creating skip context for batch with B=8, L=360, D=151
[2026/05/19 21:36:12] hftrainer INFO: train_step: Skipping batch due to: dimension_mismatch
[2026/05/19 21:36:12] hftrainer WARNING: Skipping batch: found motion dims {198, 151} != 151. Batch has mixed dimensions: [151, 198, 151, 151, 198, 151, 198, 151]
[2026/05/19 21:36:12] hftrainer INFO: Creating skip context for batch with B=8, L=360, D=151
[2026/05/19 21:36:12] hftrainer INFO: train_step: Skipping batch due to: dimension_mismatch
[2026/05/19 21:36:14] hftrainer WARNING: Skipping batch: found motion dims {198, 151} != 151. Batch has mixed dimensions: [151, 151, 151, 151, 151, 151, 198, 198]
[2026/05/19 21:36:14] hftrainer INFO: Creating skip context for batch with B=8, L=360, D=151
[2026/05/19 21:36:14] hftrainer INFO: train_step: Skipping batch due to: dimension_mismatch
[2026/05/19 21:36:14] hftrainer WARNING: Skipping batch: found motion dims {198, 151} != 151. Batch has mixed dimensions: [151, 151, 151, 151, 198, 151, 151, 151]
[2026/05/19 21:36:14] hftrainer INFO: Creating skip context for batch with B=8, L=360, D=151
[2026/05/19 21:36:14] hftrainer INFO: train_step: Skipping batch due to: dimension_mismatch
[2026/05/19 21:36:14] hftrainer WARNING: Skipping batch: found motion dims {198, 151} != 151. Batch has mixed dimensions: [151, 151, 151, 151, 151, 151, 151, 198]
[2026/05/19 21:36:14] hftrainer INFO: Creating skip context for batch with B=8, L=360, D=151
[2026/05/19 21:36:14] hftrainer INFO: train_step: Skipping batch due to: dimension_mismatch
[2026/05/19 21:36:16] hftrainer INFO: epoch [1/1000]  step [120/50944]  loss=1.6136  loss_velocity=1.4062  loss_x1=0.0000  loss_smoothness=0.2074  data_time=0.15s  train_time=1.07s  eta=278d 13:24:27
[2026/05/19 21:36:16] hftrainer WARNING: Skipping batch: found motion dims {198, 151} != 151. Batch has mixed dimensions: [151, 198, 151, 151, 151, 151, 151, 151]
[2026/05/19 21:36:16] hftrainer INFO: Creating skip context for batch with B=8, L=360, D=151
[2026/05/19 21:36:16] hftrainer INFO: train_step: Skipping batch due to: dimension_mismatch
[2026/05/19 21:36:20] hftrainer WARNING: Skipping batch: found motion dims {198, 151} != 151. Batch has mixed dimensions: [198, 198, 151, 151, 151, 151, 151, 151]
[2026/05/19 21:36:20] hftrainer INFO: Creating skip context for batch with B=8, L=360, D=151
[2026/05/19 21:36:20] hftrainer INFO: train_step: Skipping batch due to: dimension_mismatch
[2026/05/19 21:36:22] hftrainer WARNING: Skipping batch: found motion dims {198, 151} != 151. Batch has mixed dimensions: [151, 198, 151, 151, 151, 151, 151, 151]
[2026/05/19 21:36:22] hftrainer INFO: Creating skip context for batch with B=8, L=360, D=151
[2026/05/19 21:36:22] hftrainer INFO: train_step: Skipping batch due to: dimension_mismatch
[2026/05/19 21:36:22] hftrainer WARNING: Skipping batch: found motion dims {198, 151} != 151. Batch has mixed dimensions: [198, 151, 151, 151, 151, 151, 151, 151]
[2026/05/19 21:36:22] hftrainer INFO: Creating skip context for batch with B=8, L=360, D=151
[2026/05/19 21:36:22] hftrainer INFO: train_step: Skipping batch due to: dimension_mismatch
[2026/05/19 21:36:22] hftrainer WARNING: Skipping batch: found motion dims {198, 151} != 151. Batch has mixed dimensions: [151, 198, 151, 151, 151, 198, 151, 151]
[2026/05/19 21:36:22] hftrainer INFO: Creating skip context for batch with B=8, L=360, D=151
[2026/05/19 21:36:22] hftrainer INFO: train_step: Skipping batch due to: dimension_mismatch
[2026/05/19 21:36:23] hftrainer INFO: epoch [1/1000]  step [130/50944]  loss=1.4676  loss_velocity=1.2819  loss_x1=0.0000  loss_smoothness=0.1858  data_time=0.05s  train_time=1.09s  eta=277d 19:43:07
[2026/05/19 21:36:25] hftrainer WARNING: Skipping batch: found motion dims {198, 151} != 151. Batch has mixed dimensions: [151, 198, 151, 151, 151, 198, 151, 151]
[2026/05/19 21:36:25] hftrainer INFO: Creating skip context for batch with B=8, L=360, D=151
[2026/05/19 21:36:25] hftrainer INFO: train_step: Skipping batch due to: dimension_mismatch
[2026/05/19 21:36:25] hftrainer WARNING: Skipping batch: found motion dims {198, 151} != 151. Batch has mixed dimensions: [151, 151, 151, 151, 151, 151, 198, 151]
[2026/05/19 21:36:25] hftrainer INFO: Creating skip context for batch with B=8, L=360, D=151
[2026/05/19 21:36:25] hftrainer INFO: train_step: Skipping batch due to: dimension_mismatch
[2026/05/19 21:36:25] hftrainer WARNING: Skipping batch: found motion dims {198, 151} != 151. Batch has mixed dimensions: [198, 151, 151, 198, 198, 151, 151, 151]
[2026/05/19 21:36:25] hftrainer INFO: Creating skip context for batch with B=8, L=360, D=151
[2026/05/19 21:36:25] hftrainer INFO: train_step: Skipping batch due to: dimension_mismatch
[2026/05/19 21:36:28] hftrainer WARNING: Skipping batch: found motion dims {198, 151} != 151. Batch has mixed dimensions: [151, 151, 198, 151, 151, 151, 151, 151]
[2026/05/19 21:36:28] hftrainer INFO: Creating skip context for batch with B=8, L=360, D=151
[2026/05/19 21:36:28] hftrainer INFO: train_step: Skipping batch due to: dimension_mismatch
[2026/05/19 21:36:28] hftrainer WARNING: Skipping batch: found motion dims {198, 151} != 151. Batch has mixed dimensions: [198, 151, 151, 151, 151, 198, 151, 151]
[2026/05/19 21:36:28] hftrainer INFO: Creating skip context for batch with B=8, L=360, D=151
[2026/05/19 21:36:28] hftrainer INFO: train_step: Skipping batch due to: dimension_mismatch
[2026/05/19 21:36:29] hftrainer WARNING: Skipping batch: found motion dims {198, 151} != 151. Batch has mixed dimensions: [151, 198, 151, 151, 198, 151, 151, 151]
[2026/05/19 21:36:29] hftrainer INFO: Creating skip context for batch with B=8, L=360, D=151
[2026/05/19 21:36:29] hftrainer INFO: train_step: Skipping batch due to: dimension_mismatch
[2026/05/19 21:36:29] hftrainer INFO: epoch [1/1000]  step [140/50944]  loss=0.0000  data_time=0.39s  train_time=0.01s  eta=266d 06:40:18
[2026/05/19 21:36:33] hftrainer WARNING: Skipping batch: found motion dims {198, 151} != 151. Batch has mixed dimensions: [151, 151, 151, 151, 151, 198, 151, 151]
[2026/05/19 21:36:33] hftrainer INFO: Creating skip context for batch with B=8, L=360, D=151
[2026/05/19 21:36:33] hftrainer INFO: train_step: Skipping batch due to: dimension_mismatch
[2026/05/19 21:36:34] hftrainer WARNING: Skipping batch: found motion dims {198, 151} != 151. Batch has mixed dimensions: [151, 151, 151, 151, 151, 198, 151, 198]
[2026/05/19 21:36:34] hftrainer INFO: Creating skip context for batch with B=8, L=360, D=151
[2026/05/19 21:36:34] hftrainer INFO: train_step: Skipping batch due to: dimension_mismatch
[2026/05/19 21:36:34] hftrainer WARNING: Skipping batch: found motion dims {198, 151} != 151. Batch has mixed dimensions: [198, 151, 151, 151, 151, 198, 198, 151]
[2026/05/19 21:36:34] hftrainer INFO: Creating skip context for batch with B=8, L=360, D=151
[2026/05/19 21:36:34] hftrainer INFO: train_step: Skipping batch due to: dimension_mismatch
[2026/05/19 21:36:36] hftrainer WARNING: Skipping batch: found motion dims {198, 151} != 151. Batch has mixed dimensions: [151, 151, 198, 151, 151, 198, 151, 151]
[2026/05/19 21:36:36] hftrainer INFO: Creating skip context for batch with B=8, L=360, D=151
[2026/05/19 21:36:36] hftrainer INFO: train_step: Skipping batch due to: dimension_mismatch
[2026/05/19 21:36:36] hftrainer WARNING: Skipping batch: found motion dims {198, 151} != 151. Batch has mixed dimensions: [151, 151, 151, 151, 151, 198, 151, 151]
[2026/05/19 21:36:36] hftrainer INFO: Creating skip context for batch with B=8, L=360, D=151
[2026/05/19 21:36:36] hftrainer INFO: train_step: Skipping batch due to: dimension_mismatch
[2026/05/19 21:36:37] hftrainer INFO: epoch [1/1000]  step [150/50944]  loss=1.2858  loss_velocity=1.1135  loss_x1=0.0000  loss_smoothness=0.1723  data_time=0.05s  train_time=1.10s  eta=303d 23:28:45
[2026/05/19 21:36:37] hftrainer WARNING: Skipping batch: found motion dims {198, 151} != 151. Batch has mixed dimensions: [151, 198, 151, 198, 151, 151, 151, 151]
[2026/05/19 21:36:37] hftrainer INFO: Creating skip context for batch with B=8, L=360, D=151
[2026/05/19 21:36:37] hftrainer INFO: train_step: Skipping batch due to: dimension_mismatch
[2026/05/19 21:36:37] hftrainer WARNING: Skipping batch: found motion dims {198, 151} != 151. Batch has mixed dimensions: [151, 151, 198, 151, 151, 151, 198, 151]
[2026/05/19 21:36:37] hftrainer INFO: Creating skip context for batch with B=8, L=360, D=151
[2026/05/19 21:36:37] hftrainer INFO: train_step: Skipping batch due to: dimension_mismatch
[2026/05/19 21:36:39] hftrainer WARNING: Skipping batch: found motion dims {198, 151} != 151. Batch has mixed dimensions: [151, 198, 151, 151, 151, 151, 151, 151]
[2026/05/19 21:36:39] hftrainer INFO: Creating skip context for batch with B=8, L=360, D=151
[2026/05/19 21:36:39] hftrainer INFO: train_step: Skipping batch due to: dimension_mismatch
[2026/05/19 21:36:39] hftrainer WARNING: Skipping batch: found motion dims {198, 151} != 151. Batch has mixed dimensions: [151, 198, 151, 198, 151, 151, 151, 198]
[2026/05/19 21:36:39] hftrainer INFO: Creating skip context for batch with B=8, L=360, D=151
[2026/05/19 21:36:39] hftrainer INFO: train_step: Skipping batch due to: dimension_mismatch
[2026/05/19 21:36:39] hftrainer WARNING: Skipping batch: found motion dims {198, 151} != 151. Batch has mixed dimensions: [151, 151, 151, 198, 151, 151, 151, 151]
[2026/05/19 21:36:39] hftrainer INFO: Creating skip context for batch with B=8, L=360, D=151
[2026/05/19 21:36:39] hftrainer INFO: train_step: Skipping batch due to: dimension_mismatch
[2026/05/19 21:36:39] hftrainer WARNING: Skipping batch: found motion dims {198, 151} != 151. Batch has mixed dimensions: [151, 151, 151, 151, 198, 151, 198, 151]
[2026/05/19 21:36:39] hftrainer INFO: Creating skip context for batch with B=8, L=360, D=151
[2026/05/19 21:36:39] hftrainer INFO: train_step: Skipping batch due to: dimension_mismatch
[2026/05/19 21:36:39] hftrainer WARNING: Skipping batch: found motion dims {198, 151} != 151. Batch has mixed dimensions: [151, 151, 151, 151, 151, 198, 151, 151]
[2026/05/19 21:36:39] hftrainer INFO: Creating skip context for batch with B=8, L=360, D=151
[2026/05/19 21:36:39] hftrainer INFO: train_step: Skipping batch due to: dimension_mismatch
[2026/05/19 21:36:41] hftrainer WARNING: Skipping batch: found motion dims {198, 151} != 151. Batch has mixed dimensions: [151, 151, 151, 198, 151, 151, 151, 198]
[2026/05/19 21:36:41] hftrainer INFO: Creating skip context for batch with B=8, L=360, D=151
[2026/05/19 21:36:41] hftrainer INFO: train_step: Skipping batch due to: dimension_mismatch
[2026/05/19 21:36:41] hftrainer INFO: epoch [1/1000]  step [160/50944]  loss=0.0000  data_time=0.39s  train_time=0.01s  eta=306d 11:39:27
[2026/05/19 21:36:42] hftrainer WARNING: Skipping batch: found motion dims {198, 151} != 151. Batch has mixed dimensions: [151, 151, 198, 151, 198, 151, 151, 151]
[2026/05/19 21:36:42] hftrainer INFO: Creating skip context for batch with B=8, L=360, D=151
[2026/05/19 21:36:42] hftrainer INFO: train_step: Skipping batch due to: dimension_mismatch
[2026/05/19 21:36:47] hftrainer WARNING: Skipping batch: found motion dims {198, 151} != 151. Batch has mixed dimensions: [198, 151, 151, 151, 151, 151, 151, 151]
[2026/05/19 21:36:47] hftrainer INFO: Creating skip context for batch with B=8, L=360, D=151
[2026/05/19 21:36:47] hftrainer INFO: train_step: Skipping batch due to: dimension_mismatch
[2026/05/19 21:36:48] hftrainer WARNING: Skipping batch: found motion dims {198, 151} != 151. Batch has mixed dimensions: [151, 151, 151, 151, 151, 198, 151, 151]
[2026/05/19 21:36:48] hftrainer INFO: Creating skip context for batch with B=8, L=360, D=151
[2026/05/19 21:36:48] hftrainer INFO: train_step: Skipping batch due to: dimension_mismatch
[2026/05/19 21:36:48] hftrainer WARNING: Skipping batch: found motion dims {198, 151} != 151. Batch has mixed dimensions: [151, 151, 151, 151, 151, 198, 151, 151]
[2026/05/19 21:36:48] hftrainer INFO: Creating skip context for batch with B=8, L=360, D=151
[2026/05/19 21:36:48] hftrainer INFO: train_step: Skipping batch due to: dimension_mismatch
[2026/05/19 21:36:48] hftrainer WARNING: Skipping batch: found motion dims {198, 151} != 151. Batch has mixed dimensions: [151, 151, 151, 151, 151, 198, 151, 151]
[2026/05/19 21:36:48] hftrainer INFO: Creating skip context for batch with B=8, L=360, D=151
[2026/05/19 21:36:48] hftrainer INFO: train_step: Skipping batch due to: dimension_mismatch
[2026/05/19 21:36:48] hftrainer INFO: epoch [1/1000]  step [170/50944]  loss=0.0000  data_time=0.05s  train_time=0.00s  eta=331d 18:06:48
[2026/05/19 21:36:48] hftrainer WARNING: Skipping batch: found motion dims {198, 151} != 151. Batch has mixed dimensions: [151, 151, 151, 151, 198, 151, 151, 198]
[2026/05/19 21:36:48] hftrainer INFO: Creating skip context for batch with B=8, L=360, D=151
[2026/05/19 21:36:48] hftrainer INFO: train_step: Skipping batch due to: dimension_mismatch
[2026/05/19 21:36:49] hftrainer WARNING: Skipping batch: found motion dims {198, 151} != 151. Batch has mixed dimensions: [151, 151, 151, 151, 198, 151, 151, 151]
[2026/05/19 21:36:49] hftrainer INFO: Creating skip context for batch with B=8, L=360, D=151
[2026/05/19 21:36:49] hftrainer INFO: train_step: Skipping batch due to: dimension_mismatch
[2026/05/19 21:36:49] hftrainer WARNING: Skipping batch: found motion dims {198, 151} != 151. Batch has mixed dimensions: [198, 151, 151, 198, 151, 151, 151, 151]
[2026/05/19 21:36:49] hftrainer INFO: Creating skip context for batch with B=8, L=360, D=151
[2026/05/19 21:36:49] hftrainer INFO: train_step: Skipping batch due to: dimension_mismatch
[2026/05/19 21:36:49] hftrainer WARNING: Skipping batch: found motion dims {198, 151} != 151. Batch has mixed dimensions: [151, 198, 151, 151, 151, 198, 151, 151]
[2026/05/19 21:36:49] hftrainer INFO: Creating skip context for batch with B=8, L=360, D=151
[2026/05/19 21:36:49] hftrainer INFO: train_step: Skipping batch due to: dimension_mismatch
[2026/05/19 21:36:49] hftrainer WARNING: Skipping batch: found motion dims {198, 151} != 151. Batch has mixed dimensions: [151, 151, 198, 151, 151, 151, 151, 151]
[2026/05/19 21:36:49] hftrainer INFO: Creating skip context for batch with B=8, L=360, D=151
[2026/05/19 21:36:49] hftrainer INFO: train_step: Skipping batch due to: dimension_mismatch
[2026/05/19 21:36:49] hftrainer WARNING: Skipping batch: found motion dims {198, 151} != 151. Batch has mixed dimensions: [151, 151, 151, 151, 151, 151, 151, 198]
[2026/05/19 21:36:49] hftrainer INFO: Creating skip context for batch with B=8, L=360, D=151
[2026/05/19 21:36:49] hftrainer INFO: train_step: Skipping batch due to: dimension_mismatch
[2026/05/19 21:36:49] hftrainer WARNING: Skipping batch: found motion dims {198, 151} != 151. Batch has mixed dimensions: [151, 151, 151, 151, 151, 151, 151, 198]
[2026/05/19 21:36:49] hftrainer INFO: Creating skip context for batch with B=8, L=360, D=151
[2026/05/19 21:36:49] hftrainer INFO: train_step: Skipping batch due to: dimension_mismatch
[2026/05/19 21:36:49] hftrainer WARNING: Skipping batch: found motion dims {198, 151} != 151. Batch has mixed dimensions: [151, 151, 198, 198, 151, 151, 151, 151]
[2026/05/19 21:36:49] hftrainer INFO: Creating skip context for batch with B=8, L=360, D=151
[2026/05/19 21:36:49] hftrainer INFO: train_step: Skipping batch due to: dimension_mismatch
[2026/05/19 21:36:51] hftrainer WARNING: Skipping batch: found motion dims {198, 151} != 151. Batch has mixed dimensions: [198, 198, 151, 151, 151, 198, 151, 151]
[2026/05/19 21:36:51] hftrainer INFO: Creating skip context for batch with B=8, L=360, D=151
[2026/05/19 21:36:51] hftrainer INFO: train_step: Skipping batch due to: dimension_mismatch
[2026/05/19 21:36:51] hftrainer INFO: epoch [1/1000]  step [180/50944]  loss=0.0000  data_time=0.40s  train_time=0.01s  eta=307d 09:27:53
[2026/05/19 21:36:51] hftrainer WARNING: Skipping batch: found motion dims {198, 151} != 151. Batch has mixed dimensions: [151, 151, 151, 151, 198, 151, 151, 151]
[2026/05/19 21:36:51] hftrainer INFO: Creating skip context for batch with B=8, L=360, D=151
[2026/05/19 21:36:51] hftrainer INFO: train_step: Skipping batch due to: dimension_mismatch
[2026/05/19 21:36:51] hftrainer WARNING: Skipping batch: found motion dims {198, 151} != 151. Batch has mixed dimensions: [151, 151, 198, 198, 151, 151, 198, 151]
[2026/05/19 21:36:51] hftrainer INFO: Creating skip context for batch with B=8, L=360, D=151
[2026/05/19 21:36:51] hftrainer INFO: train_step: Skipping batch due to: dimension_mismatch
[2026/05/19 21:36:51] hftrainer WARNING: Skipping batch: found motion dims {198, 151} != 151. Batch has mixed dimensions: [151, 151, 151, 151, 151, 198, 151, 151]
[2026/05/19 21:36:51] hftrainer INFO: Creating skip context for batch with B=8, L=360, D=151
[2026/05/19 21:36:51] hftrainer INFO: train_step: Skipping batch due to: dimension_mismatch
[2026/05/19 21:36:53] hftrainer WARNING: Skipping batch: found motion dims {198, 151} != 151. Batch has mixed dimensions: [151, 151, 151, 151, 151, 151, 198, 151]
[2026/05/19 21:36:53] hftrainer INFO: Creating skip context for batch with B=8, L=360, D=151
[2026/05/19 21:36:53] hftrainer INFO: train_step: Skipping batch due to: dimension_mismatch
[2026/05/19 21:36:54] hftrainer WARNING: Skipping batch: found motion dims {198, 151} != 151. Batch has mixed dimensions: [151, 198, 151, 151, 198, 151, 198, 151]
[2026/05/19 21:36:54] hftrainer INFO: Creating skip context for batch with B=8, L=360, D=151
[2026/05/19 21:36:54] hftrainer INFO: train_step: Skipping batch due to: dimension_mismatch
[2026/05/19 21:36:54] hftrainer WARNING: Skipping batch: found motion dims {198, 151} != 151. Batch has mixed dimensions: [151, 151, 151, 151, 151, 151, 198, 151]
[2026/05/19 21:36:54] hftrainer INFO: Creating skip context for batch with B=8, L=360, D=151
[2026/05/19 21:36:54] hftrainer INFO: train_step: Skipping batch due to: dimension_mismatch
[2026/05/19 21:36:55] hftrainer WARNING: Skipping batch: found motion dims {198, 151} != 151. Batch has mixed dimensions: [198, 151, 151, 151, 151, 151, 151, 151]
[2026/05/19 21:36:55] hftrainer INFO: Creating skip context for batch with B=8, L=360, D=151
[2026/05/19 21:36:55] hftrainer INFO: train_step: Skipping batch due to: dimension_mismatch
[2026/05/19 21:36:55] hftrainer WARNING: Skipping batch: found motion dims {198, 151} != 151. Batch has mixed dimensions: [151, 198, 151, 151, 151, 151, 151, 151]
[2026/05/19 21:36:55] hftrainer INFO: Creating skip context for batch with B=8, L=360, D=151
[2026/05/19 21:36:55] hftrainer INFO: train_step: Skipping batch due to: dimension_mismatch
[2026/05/19 21:36:55] hftrainer INFO: epoch [1/1000]  step [190/50944]  loss=0.0000  data_time=0.28s  train_time=0.00s  eta=317d 14:38:56
[2026/05/19 21:36:55] hftrainer WARNING: Skipping batch: found motion dims {198, 151} != 151. Batch has mixed dimensions: [198, 151, 151, 151, 151, 151, 151, 151]
[2026/05/19 21:36:55] hftrainer INFO: Creating skip context for batch with B=8, L=360, D=151
[2026/05/19 21:36:55] hftrainer INFO: train_step: Skipping batch due to: dimension_mismatch
[2026/05/19 21:36:55] hftrainer WARNING: Skipping batch: found motion dims {198, 151} != 151. Batch has mixed dimensions: [151, 151, 151, 151, 151, 151, 151, 198]
[2026/05/19 21:36:55] hftrainer INFO: Creating skip context for batch with B=8, L=360, D=151
[2026/05/19 21:36:55] hftrainer INFO: train_step: Skipping batch due to: dimension_mismatch
[2026/05/19 21:36:55] hftrainer WARNING: Skipping batch: found motion dims {198, 151} != 151. Batch has mixed dimensions: [151, 151, 151, 198, 151, 198, 151, 151]
[2026/05/19 21:36:55] hftrainer INFO: Creating skip context for batch with B=8, L=360, D=151
[2026/05/19 21:36:55] hftrainer INFO: train_step: Skipping batch due to: dimension_mismatch
[2026/05/19 21:36:57] hftrainer WARNING: Skipping batch: found motion dims {198, 151} != 151. Batch has mixed dimensions: [198, 151, 151, 151, 151, 151, 198, 151]
[2026/05/19 21:36:57] hftrainer INFO: Creating skip context for batch with B=8, L=360, D=151
[2026/05/19 21:36:57] hftrainer INFO: train_step: Skipping batch due to: dimension_mismatch
[2026/05/19 21:36:57] hftrainer WARNING: Skipping batch: found motion dims {198, 151} != 151. Batch has mixed dimensions: [151, 151, 198, 151, 151, 151, 151, 151]
[2026/05/19 21:36:57] hftrainer INFO: Creating skip context for batch with B=8, L=360, D=151
[2026/05/19 21:36:57] hftrainer INFO: train_step: Skipping batch due to: dimension_mismatch
[2026/05/19 21:36:57] hftrainer WARNING: Skipping batch: found motion dims {198, 151} != 151. Batch has mixed dimensions: [198, 198, 151, 151, 151, 151, 151, 151]
[2026/05/19 21:36:57] hftrainer INFO: Creating skip context for batch with B=8, L=360, D=151
[2026/05/19 21:36:57] hftrainer INFO: train_step: Skipping batch due to: dimension_mismatch
[2026/05/19 21:36:57] hftrainer WARNING: Skipping batch: found motion dims {198, 151} != 151. Batch has mixed dimensions: [151, 198, 151, 151, 151, 151, 151, 151]
[2026/05/19 21:36:57] hftrainer INFO: Creating skip context for batch with B=8, L=360, D=151
[2026/05/19 21:36:57] hftrainer INFO: train_step: Skipping batch due to: dimension_mismatch
[2026/05/19 21:37:00] hftrainer INFO: epoch [1/1000]  step [200/50944]  loss=0.8892  loss_velocity=0.7556  loss_x1=0.0000  loss_smoothness=0.1336  data_time=0.39s  train_time=1.11s  eta=307d 13:44:00
[2026/05/19 21:37:00] hftrainer WARNING: Skipping batch: found motion dims {198, 151} != 151. Batch has mixed dimensions: [151, 198, 151, 151, 198, 151, 151, 151]
[2026/05/19 21:37:00] hftrainer INFO: Creating skip context for batch with B=8, L=360, D=151
[2026/05/19 21:37:00] hftrainer INFO: train_step: Skipping batch due to: dimension_mismatch
[2026/05/19 21:37:00] hftrainer WARNING: Skipping batch: found motion dims {198, 151} != 151. Batch has mixed dimensions: [151, 151, 151, 151, 151, 198, 151, 151]
[2026/05/19 21:37:00] hftrainer INFO: Creating skip context for batch with B=8, L=360, D=151
[2026/05/19 21:37:00] hftrainer INFO: train_step: Skipping batch due to: dimension_mismatch
[2026/05/19 21:37:00] hftrainer WARNING: Skipping batch: found motion dims {198, 151} != 151. Batch has mixed dimensions: [151, 151, 151, 151, 151, 151, 198, 151]
[2026/05/19 21:37:00] hftrainer INFO: Creating skip context for batch with B=8, L=360, D=151
[2026/05/19 21:37:00] hftrainer INFO: train_step: Skipping batch due to: dimension_mismatch
[2026/05/19 21:37:01] hftrainer WARNING: Skipping batch: found motion dims {198, 151} != 151. Batch has mixed dimensions: [151, 151, 151, 151, 198, 151, 151, 151]
[2026/05/19 21:37:01] hftrainer INFO: Creating skip context for batch with B=8, L=360, D=151
[2026/05/19 21:37:01] hftrainer INFO: train_step: Skipping batch due to: dimension_mismatch
[2026/05/19 21:37:01] hftrainer WARNING: Skipping batch: found motion dims {198, 151} != 151. Batch has mixed dimensions: [151, 198, 151, 151, 151, 151, 151, 151]
[2026/05/19 21:37:01] hftrainer INFO: Creating skip context for batch with B=8, L=360, D=151
[2026/05/19 21:37:01] hftrainer INFO: train_step: Skipping batch due to: dimension_mismatch
[2026/05/19 21:37:02] hftrainer WARNING: Skipping batch: found motion dims {198, 151} != 151. Batch has mixed dimensions: [151, 198, 151, 198, 151, 151, 151, 151]
[2026/05/19 21:37:02] hftrainer INFO: Creating skip context for batch with B=8, L=360, D=151
[2026/05/19 21:37:02] hftrainer INFO: train_step: Skipping batch due to: dimension_mismatch
[2026/05/19 21:37:02] hftrainer WARNING: Skipping batch: found motion dims {198, 151} != 151. Batch has mixed dimensions: [151, 151, 151, 151, 151, 198, 151, 151]
[2026/05/19 21:37:02] hftrainer INFO: Creating skip context for batch with B=8, L=360, D=151
[2026/05/19 21:37:02] hftrainer INFO: train_step: Skipping batch due to: dimension_mismatch
[2026/05/19 21:37:02] hftrainer WARNING: Skipping batch: found motion dims {198, 151} != 151. Batch has mixed dimensions: [198, 151, 151, 151, 151, 151, 151, 151]
[2026/05/19 21:37:02] hftrainer INFO: Creating skip context for batch with B=8, L=360, D=151
[2026/05/19 21:37:02] hftrainer INFO: train_step: Skipping batch due to: dimension_mismatch
[2026/05/19 21:37:02] hftrainer WARNING: Skipping batch: found motion dims {198, 151} != 151. Batch has mixed dimensions: [151, 151, 198, 151, 151, 151, 151, 151]
[2026/05/19 21:37:02] hftrainer INFO: Creating skip context for batch with B=8, L=360, D=151
[2026/05/19 21:37:02] hftrainer INFO: train_step: Skipping batch due to: dimension_mismatch
[2026/05/19 21:37:02] hftrainer INFO: epoch [1/1000]  step [210/50944]  loss=0.0000  data_time=0.05s  train_time=0.00s  eta=301d 12:55:02
[2026/05/19 21:37:02] hftrainer WARNING: Skipping batch: found motion dims {198, 151} != 151. Batch has mixed dimensions: [198, 198, 151, 151, 151, 198, 151, 151]
[2026/05/19 21:37:02] hftrainer INFO: Creating skip context for batch with B=8, L=360, D=151
[2026/05/19 21:37:02] hftrainer INFO: train_step: Skipping batch due to: dimension_mismatch
[2026/05/19 21:37:02] hftrainer WARNING: Skipping batch: found motion dims {198, 151} != 151. Batch has mixed dimensions: [151, 151, 151, 151, 151, 198, 198, 198]
[2026/05/19 21:37:02] hftrainer INFO: Creating skip context for batch with B=8, L=360, D=151
[2026/05/19 21:37:02] hftrainer INFO: train_step: Skipping batch due to: dimension_mismatch
[2026/05/19 21:37:02] hftrainer WARNING: Skipping batch: found motion dims {198, 151} != 151. Batch has mixed dimensions: [198, 151, 151, 151, 151, 151, 151, 151]
[2026/05/19 21:37:02] hftrainer INFO: Creating skip context for batch with B=8, L=360, D=151
[2026/05/19 21:37:02] hftrainer INFO: train_step: Skipping batch due to: dimension_mismatch
[2026/05/19 21:37:02] hftrainer WARNING: Skipping batch: found motion dims {198, 151} != 151. Batch has mixed dimensions: [151, 151, 198, 151, 151, 151, 151, 151]
[2026/05/19 21:37:02] hftrainer INFO: Creating skip context for batch with B=8, L=360, D=151
[2026/05/19 21:37:02] hftrainer INFO: train_step: Skipping batch due to: dimension_mismatch
[2026/05/19 21:37:03] hftrainer WARNING: Skipping batch: found motion dims {198, 151} != 151. Batch has mixed dimensions: [198, 151, 151, 151, 198, 151, 198, 151]
[2026/05/19 21:37:03] hftrainer INFO: Creating skip context for batch with B=8, L=360, D=151
[2026/05/19 21:37:03] hftrainer INFO: train_step: Skipping batch due to: dimension_mismatch
[2026/05/19 21:37:04] hftrainer WARNING: Skipping batch: found motion dims {198, 151} != 151. Batch has mixed dimensions: [151, 151, 151, 151, 151, 151, 151, 198]
[2026/05/19 21:37:04] hftrainer INFO: Creating skip context for batch with B=8, L=360, D=151
[2026/05/19 21:37:04] hftrainer INFO: train_step: Skipping batch due to: dimension_mismatch
[2026/05/19 21:37:07] hftrainer WARNING: Skipping batch: found motion dims {198, 151} != 151. Batch has mixed dimensions: [151, 151, 151, 151, 151, 151, 151, 198]
[2026/05/19 21:37:07] hftrainer INFO: Creating skip context for batch with B=8, L=360, D=151
[2026/05/19 21:37:07] hftrainer INFO: train_step: Skipping batch due to: dimension_mismatch
[2026/05/19 21:37:07] hftrainer INFO: epoch [1/1000]  step [220/50944]  loss=0.0000  data_time=0.39s  train_time=0.01s  eta=306d 13:59:54
[2026/05/19 21:37:07] hftrainer WARNING: Skipping batch: found motion dims {198, 151} != 151. Batch has mixed dimensions: [151, 151, 151, 151, 151, 198, 151, 198]
[2026/05/19 21:37:07] hftrainer INFO: Creating skip context for batch with B=8, L=360, D=151
[2026/05/19 21:37:07] hftrainer INFO: train_step: Skipping batch due to: dimension_mismatch
[2026/05/19 21:37:07] hftrainer WARNING: Skipping batch: found motion dims {198, 151} != 151. Batch has mixed dimensions: [151, 151, 151, 151, 198, 151, 151, 151]
[2026/05/19 21:37:07] hftrainer INFO: Creating skip context for batch with B=8, L=360, D=151
[2026/05/19 21:37:07] hftrainer INFO: train_step: Skipping batch due to: dimension_mismatch
[2026/05/19 21:37:09] hftrainer WARNING: Skipping batch: found motion dims {198, 151} != 151. Batch has mixed dimensions: [198, 198, 151, 151, 151, 198, 151, 151]
[2026/05/19 21:37:09] hftrainer INFO: Creating skip context for batch with B=8, L=360, D=151
[2026/05/19 21:37:09] hftrainer INFO: train_step: Skipping batch due to: dimension_mismatch
[2026/05/19 21:37:09] hftrainer WARNING: Skipping batch: found motion dims {198, 151} != 151. Batch has mixed dimensions: [151, 151, 198, 151, 151, 151, 198, 151]
[2026/05/19 21:37:09] hftrainer INFO: Creating skip context for batch with B=8, L=360, D=151
[2026/05/19 21:37:09] hftrainer INFO: train_step: Skipping batch due to: dimension_mismatch
[2026/05/19 21:37:09] hftrainer WARNING: Skipping batch: found motion dims {198, 151} != 151. Batch has mixed dimensions: [151, 151, 198, 151, 151, 151, 198, 151]
[2026/05/19 21:37:09] hftrainer INFO: Creating skip context for batch with B=8, L=360, D=151
[2026/05/19 21:37:09] hftrainer INFO: train_step: Skipping batch due to: dimension_mismatch
[2026/05/19 21:37:09] hftrainer WARNING: Skipping batch: found motion dims {198, 151} != 151. Batch has mixed dimensions: [151, 151, 151, 198, 198, 151, 151, 151]
[2026/05/19 21:37:09] hftrainer INFO: Creating skip context for batch with B=8, L=360, D=151
[2026/05/19 21:37:09] hftrainer INFO: train_step: Skipping batch due to: dimension_mismatch
[2026/05/19 21:37:09] hftrainer WARNING: Skipping batch: found motion dims {198, 151} != 151. Batch has mixed dimensions: [151, 151, 151, 151, 198, 151, 151, 151]
[2026/05/19 21:37:09] hftrainer INFO: Creating skip context for batch with B=8, L=360, D=151
[2026/05/19 21:37:09] hftrainer INFO: train_step: Skipping batch due to: dimension_mismatch
[2026/05/19 21:37:11] hftrainer WARNING: Skipping batch: found motion dims {198, 151} != 151. Batch has mixed dimensions: [151, 151, 151, 151, 198, 151, 151, 151]
[2026/05/19 21:37:11] hftrainer INFO: Creating skip context for batch with B=8, L=360, D=151
[2026/05/19 21:37:11] hftrainer INFO: train_step: Skipping batch due to: dimension_mismatch
[2026/05/19 21:37:11] hftrainer INFO: epoch [1/1000]  step [230/50944]  loss=0.0000  data_time=0.40s  train_time=0.01s  eta=281d 15:54:39
[2026/05/19 21:37:11] hftrainer WARNING: Skipping batch: found motion dims {198, 151} != 151. Batch has mixed dimensions: [151, 151, 151, 151, 151, 151, 151, 198]
[2026/05/19 21:37:11] hftrainer INFO: Creating skip context for batch with B=8, L=360, D=151
[2026/05/19 21:37:11] hftrainer INFO: train_step: Skipping batch due to: dimension_mismatch
[2026/05/19 21:37:11] hftrainer WARNING: Skipping batch: found motion dims {198, 151} != 151. Batch has mixed dimensions: [151, 151, 198, 151, 151, 151, 151, 151]
[2026/05/19 21:37:11] hftrainer INFO: Creating skip context for batch with B=8, L=360, D=151
[2026/05/19 21:37:11] hftrainer INFO: train_step: Skipping batch due to: dimension_mismatch
[2026/05/19 21:37:11] hftrainer WARNING: Skipping batch: found motion dims {198, 151} != 151. Batch has mixed dimensions: [151, 198, 151, 151, 198, 151, 151, 151]
[2026/05/19 21:37:11] hftrainer INFO: Creating skip context for batch with B=8, L=360, D=151
[2026/05/19 21:37:11] hftrainer INFO: train_step: Skipping batch due to: dimension_mismatch
[2026/05/19 21:37:11] hftrainer WARNING: Skipping batch: found motion dims {198, 151} != 151. Batch has mixed dimensions: [151, 151, 151, 151, 151, 151, 198, 151]
[2026/05/19 21:37:11] hftrainer INFO: Creating skip context for batch with B=8, L=360, D=151
[2026/05/19 21:37:11] hftrainer INFO: train_step: Skipping batch due to: dimension_mismatch
[2026/05/19 21:37:11] hftrainer WARNING: Skipping batch: found motion dims {198, 151} != 151. Batch has mixed dimensions: [151, 151, 151, 151, 198, 151, 151, 151]
[2026/05/19 21:37:11] hftrainer INFO: Creating skip context for batch with B=8, L=360, D=151
[2026/05/19 21:37:11] hftrainer INFO: train_step: Skipping batch due to: dimension_mismatch
[2026/05/19 21:37:11] hftrainer WARNING: Skipping batch: found motion dims {198, 151} != 151. Batch has mixed dimensions: [151, 151, 151, 151, 151, 198, 198, 151]
[2026/05/19 21:37:11] hftrainer INFO: Creating skip context for batch with B=8, L=360, D=151
[2026/05/19 21:37:11] hftrainer INFO: train_step: Skipping batch due to: dimension_mismatch
[2026/05/19 21:37:13] hftrainer WARNING: Skipping batch: found motion dims {198, 151} != 151. Batch has mixed dimensions: [151, 198, 151, 198, 151, 198, 151, 151]
[2026/05/19 21:37:13] hftrainer INFO: Creating skip context for batch with B=8, L=360, D=151
[2026/05/19 21:37:13] hftrainer INFO: train_step: Skipping batch due to: dimension_mismatch
[2026/05/19 21:37:13] hftrainer WARNING: Skipping batch: found motion dims {198, 151} != 151. Batch has mixed dimensions: [198, 151, 151, 151, 151, 151, 151, 151]
[2026/05/19 21:37:13] hftrainer INFO: Creating skip context for batch with B=8, L=360, D=151
[2026/05/19 21:37:13] hftrainer INFO: train_step: Skipping batch due to: dimension_mismatch
[2026/05/19 21:37:13] hftrainer WARNING: Skipping batch: found motion dims {198, 151} != 151. Batch has mixed dimensions: [198, 151, 151, 151, 151, 151, 151, 151]
[2026/05/19 21:37:13] hftrainer INFO: Creating skip context for batch with B=8, L=360, D=151
[2026/05/19 21:37:13] hftrainer INFO: train_step: Skipping batch due to: dimension_mismatch
[2026/05/19 21:37:13] hftrainer INFO: epoch [1/1000]  step [240/50944]  loss=0.0000  data_time=0.04s  train_time=0.00s  eta=255d 00:22:11
[2026/05/19 21:37:13] hftrainer WARNING: Skipping batch: found motion dims {198, 151} != 151. Batch has mixed dimensions: [151, 151, 151, 151, 151, 198, 151, 151]
[2026/05/19 21:37:13] hftrainer INFO: Creating skip context for batch with B=8, L=360, D=151
[2026/05/19 21:37:13] hftrainer INFO: train_step: Skipping batch due to: dimension_mismatch
[2026/05/19 21:37:14] hftrainer WARNING: Skipping batch: found motion dims {198, 151} != 151. Batch has mixed dimensions: [151, 151, 151, 151, 198, 151, 151, 151]
[2026/05/19 21:37:14] hftrainer INFO: Creating skip context for batch with B=8, L=360, D=151
[2026/05/19 21:37:14] hftrainer INFO: train_step: Skipping batch due to: dimension_mismatch
[2026/05/19 21:37:14] hftrainer WARNING: Skipping batch: found motion dims {198, 151} != 151. Batch has mixed dimensions: [151, 151, 151, 151, 151, 198, 151, 151]
[2026/05/19 21:37:14] hftrainer INFO: Creating skip context for batch with B=8, L=360, D=151
[2026/05/19 21:37:14] hftrainer INFO: train_step: Skipping batch due to: dimension_mismatch
[2026/05/19 21:37:14] hftrainer WARNING: Skipping batch: found motion dims {198, 151} != 151. Batch has mixed dimensions: [151, 151, 151, 198, 151, 151, 151, 151]
[2026/05/19 21:37:14] hftrainer INFO: Creating skip context for batch with B=8, L=360, D=151
[2026/05/19 21:37:14] hftrainer INFO: train_step: Skipping batch due to: dimension_mismatch
[2026/05/19 21:37:14] hftrainer WARNING: Skipping batch: found motion dims {198, 151} != 151. Batch has mixed dimensions: [151, 151, 151, 198, 151, 151, 151, 151]
[2026/05/19 21:37:14] hftrainer INFO: Creating skip context for batch with B=8, L=360, D=151
[2026/05/19 21:37:14] hftrainer INFO: train_step: Skipping batch due to: dimension_mismatch
[2026/05/19 21:37:16] hftrainer WARNING: Skipping batch: found motion dims {198, 151} != 151. Batch has mixed dimensions: [151, 198, 198, 151, 151, 151, 151, 151]
[2026/05/19 21:37:16] hftrainer INFO: Creating skip context for batch with B=8, L=360, D=151
[2026/05/19 21:37:16] hftrainer INFO: train_step: Skipping batch due to: dimension_mismatch
[2026/05/19 21:37:16] hftrainer WARNING: Skipping batch: found motion dims {198, 151} != 151. Batch has mixed dimensions: [151, 151, 198, 198, 151, 151, 151, 151]
[2026/05/19 21:37:16] hftrainer INFO: Creating skip context for batch with B=8, L=360, D=151
[2026/05/19 21:37:16] hftrainer INFO: train_step: Skipping batch due to: dimension_mismatch
[2026/05/19 21:37:18] hftrainer INFO: epoch [1/1000]  step [250/50944]  loss=1.4499  loss_velocity=1.2298  loss_x1=0.0000  loss_smoothness=0.2200  data_time=0.04s  train_time=1.10s  eta=238d 00:34:40
[2026/05/19 21:37:21] hftrainer WARNING: Skipping batch: found motion dims {198, 151} != 151. Batch has mixed dimensions: [151, 198, 198, 198, 151, 151, 151, 151]
[2026/05/19 21:37:21] hftrainer INFO: Creating skip context for batch with B=8, L=360, D=151
[2026/05/19 21:37:21] hftrainer INFO: train_step: Skipping batch due to: dimension_mismatch
[2026/05/19 21:37:21] hftrainer WARNING: Skipping batch: found motion dims {198, 151} != 151. Batch has mixed dimensions: [151, 151, 151, 151, 198, 198, 151, 198]
[2026/05/19 21:37:21] hftrainer INFO: Creating skip context for batch with B=8, L=360, D=151
[2026/05/19 21:37:21] hftrainer INFO: train_step: Skipping batch due to: dimension_mismatch
[2026/05/19 21:37:22] hftrainer WARNING: Skipping batch: found motion dims {198, 151} != 151. Batch has mixed dimensions: [151, 151, 151, 151, 151, 151, 198, 151]
[2026/05/19 21:37:22] hftrainer INFO: Creating skip context for batch with B=8, L=360, D=151
[2026/05/19 21:37:22] hftrainer INFO: train_step: Skipping batch due to: dimension_mismatch
[2026/05/19 21:37:24] hftrainer WARNING: Skipping batch: found motion dims {198, 151} != 151. Batch has mixed dimensions: [151, 151, 198, 151, 151, 151, 151, 151]
[2026/05/19 21:37:24] hftrainer INFO: Creating skip context for batch with B=8, L=360, D=151
[2026/05/19 21:37:24] hftrainer INFO: train_step: Skipping batch due to: dimension_mismatch
[2026/05/19 21:37:25] hftrainer WARNING: Skipping batch: found motion dims {198, 151} != 151. Batch has mixed dimensions: [151, 151, 151, 151, 198, 151, 151, 151]
[2026/05/19 21:37:25] hftrainer INFO: Creating skip context for batch with B=8, L=360, D=151
[2026/05/19 21:37:25] hftrainer INFO: train_step: Skipping batch due to: dimension_mismatch
[2026/05/19 21:37:25] hftrainer INFO: epoch [1/1000]  step [260/50944]  loss=0.0000  data_time=0.39s  train_time=0.01s  eta=264d 04:24:39
[2026/05/19 21:37:26] hftrainer WARNING: Skipping batch: found motion dims {198, 151} != 151. Batch has mixed dimensions: [151, 151, 198, 151, 151, 151, 151, 151]
[2026/05/19 21:37:26] hftrainer INFO: Creating skip context for batch with B=8, L=360, D=151
[2026/05/19 21:37:26] hftrainer INFO: train_step: Skipping batch due to: dimension_mismatch
[2026/05/19 21:37:26] hftrainer WARNING: Skipping batch: found motion dims {198, 151} != 151. Batch has mixed dimensions: [151, 151, 151, 151, 151, 151, 198, 151]
[2026/05/19 21:37:26] hftrainer INFO: Creating skip context for batch with B=8, L=360, D=151
[2026/05/19 21:37:26] hftrainer INFO: train_step: Skipping batch due to: dimension_mismatch
[2026/05/19 21:37:29] hftrainer WARNING: Skipping batch: found motion dims {198, 151} != 151. Batch has mixed dimensions: [151, 151, 151, 151, 151, 151, 198, 151]
[2026/05/19 21:37:29] hftrainer INFO: Creating skip context for batch with B=8, L=360, D=151
[2026/05/19 21:37:29] hftrainer INFO: train_step: Skipping batch due to: dimension_mismatch
[2026/05/19 21:37:30] hftrainer WARNING: Skipping batch: found motion dims {198, 151} != 151. Batch has mixed dimensions: [151, 198, 151, 151, 151, 151, 151, 198]
[2026/05/19 21:37:30] hftrainer INFO: Creating skip context for batch with B=8, L=360, D=151
[2026/05/19 21:37:30] hftrainer INFO: train_step: Skipping batch due to: dimension_mismatch
[2026/05/19 21:37:32] hftrainer WARNING: Skipping batch: found motion dims {198, 151} != 151. Batch has mixed dimensions: [198, 151, 151, 151, 151, 151, 151, 151]
[2026/05/19 21:37:32] hftrainer INFO: Creating skip context for batch with B=8, L=360, D=151
[2026/05/19 21:37:32] hftrainer INFO: train_step: Skipping batch due to: dimension_mismatch
[2026/05/19 21:37:33] hftrainer INFO: epoch [1/1000]  step [270/50944]  loss=0.9743  loss_velocity=0.8919  loss_x1=0.0000  loss_smoothness=0.0824  data_time=0.06s  train_time=1.13s  eta=262d 17:22:39
[2026/05/19 21:37:33] hftrainer WARNING: Skipping batch: found motion dims {198, 151} != 151. Batch has mixed dimensions: [198, 151, 151, 151, 198, 198, 151, 151]
[2026/05/19 21:37:33] hftrainer INFO: Creating skip context for batch with B=8, L=360, D=151
[2026/05/19 21:37:33] hftrainer INFO: train_step: Skipping batch due to: dimension_mismatch
[2026/05/19 21:37:33] hftrainer WARNING: Skipping batch: found motion dims {198, 151} != 151. Batch has mixed dimensions: [151, 151, 151, 198, 151, 151, 151, 151]
[2026/05/19 21:37:33] hftrainer INFO: Creating skip context for batch with B=8, L=360, D=151
[2026/05/19 21:37:33] hftrainer INFO: train_step: Skipping batch due to: dimension_mismatch
[2026/05/19 21:37:33] hftrainer WARNING: Skipping batch: found motion dims {198, 151} != 151. Batch has mixed dimensions: [198, 198, 151, 151, 151, 151, 151, 151]
[2026/05/19 21:37:33] hftrainer INFO: Creating skip context for batch with B=8, L=360, D=151
[2026/05/19 21:37:33] hftrainer INFO: train_step: Skipping batch due to: dimension_mismatch
[2026/05/19 21:37:34] hftrainer WARNING: Skipping batch: found motion dims {198, 151} != 151. Batch has mixed dimensions: [151, 151, 151, 151, 198, 198, 151, 151]
[2026/05/19 21:37:34] hftrainer INFO: Creating skip context for batch with B=8, L=360, D=151
[2026/05/19 21:37:34] hftrainer INFO: train_step: Skipping batch due to: dimension_mismatch
[2026/05/19 21:37:37] hftrainer WARNING: Skipping batch: found motion dims {198, 151} != 151. Batch has mixed dimensions: [151, 151, 151, 198, 151, 151, 151, 198]
[2026/05/19 21:37:37] hftrainer INFO: Creating skip context for batch with B=8, L=360, D=151
[2026/05/19 21:37:37] hftrainer INFO: train_step: Skipping batch due to: dimension_mismatch
[2026/05/19 21:37:37] hftrainer WARNING: Skipping batch: found motion dims {198, 151} != 151. Batch has mixed dimensions: [151, 151, 151, 151, 151, 151, 151, 198]
[2026/05/19 21:37:37] hftrainer INFO: Creating skip context for batch with B=8, L=360, D=151
[2026/05/19 21:37:37] hftrainer INFO: train_step: Skipping batch due to: dimension_mismatch
[2026/05/19 21:37:37] hftrainer WARNING: Skipping batch: found motion dims {198, 151} != 151. Batch has mixed dimensions: [151, 198, 151, 151, 151, 151, 151, 151]
[2026/05/19 21:37:37] hftrainer INFO: Creating skip context for batch with B=8, L=360, D=151
[2026/05/19 21:37:37] hftrainer INFO: train_step: Skipping batch due to: dimension_mismatch
[2026/05/19 21:37:38] hftrainer INFO: epoch [1/1000]  step [280/50944]  loss=1.3220  loss_velocity=1.1078  loss_x1=0.0000  loss_smoothness=0.2142  data_time=0.05s  train_time=1.12s  eta=276d 21:15:09
[2026/05/19 21:37:38] hftrainer WARNING: Skipping batch: found motion dims {198, 151} != 151. Batch has mixed dimensions: [151, 151, 151, 151, 198, 151, 151, 151]
[2026/05/19 21:37:38] hftrainer INFO: Creating skip context for batch with B=8, L=360, D=151
[2026/05/19 21:37:38] hftrainer INFO: train_step: Skipping batch due to: dimension_mismatch
[2026/05/19 21:37:38] hftrainer WARNING: Skipping batch: found motion dims {198, 151} != 151. Batch has mixed dimensions: [198, 151, 151, 151, 151, 151, 151, 151]
[2026/05/19 21:37:38] hftrainer INFO: Creating skip context for batch with B=8, L=360, D=151
[2026/05/19 21:37:38] hftrainer INFO: train_step: Skipping batch due to: dimension_mismatch
[2026/05/19 21:37:38] hftrainer WARNING: Skipping batch: found motion dims {198, 151} != 151. Batch has mixed dimensions: [151, 151, 151, 151, 198, 151, 151, 151]
[2026/05/19 21:37:38] hftrainer INFO: Creating skip context for batch with B=8, L=360, D=151
[2026/05/19 21:37:38] hftrainer INFO: train_step: Skipping batch due to: dimension_mismatch
[2026/05/19 21:37:38] hftrainer WARNING: Skipping batch: found motion dims {198, 151} != 151. Batch has mixed dimensions: [151, 151, 151, 151, 151, 151, 198, 151]
[2026/05/19 21:37:38] hftrainer INFO: Creating skip context for batch with B=8, L=360, D=151
[2026/05/19 21:37:38] hftrainer INFO: train_step: Skipping batch due to: dimension_mismatch
[2026/05/19 21:37:43] hftrainer WARNING: Skipping batch: found motion dims {198, 151} != 151. Batch has mixed dimensions: [198, 151, 198, 151, 151, 151, 151, 151]
[2026/05/19 21:37:43] hftrainer INFO: Creating skip context for batch with B=8, L=360, D=151
[2026/05/19 21:37:43] hftrainer INFO: train_step: Skipping batch due to: dimension_mismatch
[2026/05/19 21:37:43] hftrainer WARNING: Skipping batch: found motion dims {198, 151} != 151. Batch has mixed dimensions: [151, 198, 151, 151, 151, 151, 151, 151]
[2026/05/19 21:37:43] hftrainer INFO: Creating skip context for batch with B=8, L=360, D=151
[2026/05/19 21:37:43] hftrainer INFO: train_step: Skipping batch due to: dimension_mismatch
[2026/05/19 21:37:43] hftrainer WARNING: Skipping batch: found motion dims {198, 151} != 151. Batch has mixed dimensions: [151, 198, 151, 151, 151, 151, 151, 198]
[2026/05/19 21:37:43] hftrainer INFO: Creating skip context for batch with B=8, L=360, D=151
[2026/05/19 21:37:43] hftrainer INFO: train_step: Skipping batch due to: dimension_mismatch
[2026/05/19 21:37:43] hftrainer INFO: epoch [1/1000]  step [290/50944]  loss=0.0000  data_time=0.04s  train_time=0.01s  eta=285d 20:59:55
[2026/05/19 21:37:43] hftrainer WARNING: Skipping batch: found motion dims {198, 151} != 151. Batch has mixed dimensions: [198, 151, 198, 151, 151, 151, 151, 151]
[2026/05/19 21:37:43] hftrainer INFO: Creating skip context for batch with B=8, L=360, D=151
[2026/05/19 21:37:43] hftrainer INFO: train_step: Skipping batch due to: dimension_mismatch
[2026/05/19 21:37:46] hftrainer WARNING: Skipping batch: found motion dims {198, 151} != 151. Batch has mixed dimensions: [198, 198, 151, 198, 151, 151, 151, 151]
[2026/05/19 21:37:46] hftrainer INFO: Creating skip context for batch with B=8, L=360, D=151
[2026/05/19 21:37:46] hftrainer INFO: train_step: Skipping batch due to: dimension_mismatch
[2026/05/19 21:37:48] hftrainer WARNING: Skipping batch: found motion dims {198, 151} != 151. Batch has mixed dimensions: [151, 151, 151, 151, 151, 151, 198, 151]
[2026/05/19 21:37:48] hftrainer INFO: Creating skip context for batch with B=8, L=360, D=151
[2026/05/19 21:37:48] hftrainer INFO: train_step: Skipping batch due to: dimension_mismatch
[2026/05/19 21:37:48] hftrainer WARNING: Skipping batch: found motion dims {198, 151} != 151. Batch has mixed dimensions: [151, 151, 151, 151, 151, 151, 198, 151]
[2026/05/19 21:37:48] hftrainer INFO: Creating skip context for batch with B=8, L=360, D=151
[2026/05/19 21:37:48] hftrainer INFO: train_step: Skipping batch due to: dimension_mismatch
[2026/05/19 21:37:48] hftrainer WARNING: Skipping batch: found motion dims {198, 151} != 151. Batch has mixed dimensions: [198, 198, 151, 151, 151, 198, 198, 198]
[2026/05/19 21:37:48] hftrainer INFO: Creating skip context for batch with B=8, L=360, D=151
[2026/05/19 21:37:48] hftrainer INFO: train_step: Skipping batch due to: dimension_mismatch
[2026/05/19 21:37:50] hftrainer WARNING: Skipping batch: found motion dims {198, 151} != 151. Batch has mixed dimensions: [151, 151, 151, 198, 151, 151, 151, 151]
[2026/05/19 21:37:50] hftrainer INFO: Creating skip context for batch with B=8, L=360, D=151
[2026/05/19 21:37:50] hftrainer INFO: train_step: Skipping batch due to: dimension_mismatch
[2026/05/19 21:37:50] hftrainer INFO: epoch [1/1000]  step [300/50944]  loss=0.0000  data_time=0.39s  train_time=0.01s  eta=296d 22:21:59
[2026/05/19 21:37:50] hftrainer WARNING: Skipping batch: found motion dims {198, 151} != 151. Batch has mixed dimensions: [151, 151, 151, 151, 198, 151, 151, 151]
[2026/05/19 21:37:50] hftrainer INFO: Creating skip context for batch with B=8, L=360, D=151
[2026/05/19 21:37:50] hftrainer INFO: train_step: Skipping batch due to: dimension_mismatch
[2026/05/19 21:37:50] hftrainer WARNING: Skipping batch: found motion dims {198, 151} != 151. Batch has mixed dimensions: [198, 151, 151, 151, 151, 151, 198, 151]
[2026/05/19 21:37:50] hftrainer INFO: Creating skip context for batch with B=8, L=360, D=151
[2026/05/19 21:37:50] hftrainer INFO: train_step: Skipping batch due to: dimension_mismatch
[2026/05/19 21:37:50] hftrainer WARNING: Skipping batch: found motion dims {198, 151} != 151. Batch has mixed dimensions: [198, 151, 198, 151, 151, 151, 151, 151]
[2026/05/19 21:37:50] hftrainer INFO: Creating skip context for batch with B=8, L=360, D=151
[2026/05/19 21:37:50] hftrainer INFO: train_step: Skipping batch due to: dimension_mismatch
[2026/05/19 21:37:51] hftrainer WARNING: Skipping batch: found motion dims {198, 151} != 151. Batch has mixed dimensions: [151, 151, 151, 151, 198, 151, 151, 151]
[2026/05/19 21:37:51] hftrainer INFO: Creating skip context for batch with B=8, L=360, D=151
[2026/05/19 21:37:51] hftrainer INFO: train_step: Skipping batch due to: dimension_mismatch
[2026/05/19 21:37:52] hftrainer WARNING: Skipping batch: found motion dims {198, 151} != 151. Batch has mixed dimensions: [151, 151, 151, 151, 151, 151, 198, 151]
[2026/05/19 21:37:52] hftrainer INFO: Creating skip context for batch with B=8, L=360, D=151
[2026/05/19 21:37:52] hftrainer INFO: train_step: Skipping batch due to: dimension_mismatch
[2026/05/19 21:37:52] hftrainer WARNING: Skipping batch: found motion dims {198, 151} != 151. Batch has mixed dimensions: [198, 151, 151, 198, 198, 151, 151, 151]
[2026/05/19 21:37:52] hftrainer INFO: Creating skip context for batch with B=8, L=360, D=151
[2026/05/19 21:37:52] hftrainer INFO: train_step: Skipping batch due to: dimension_mismatch
[2026/05/19 21:37:52] hftrainer WARNING: Skipping batch: found motion dims {198, 151} != 151. Batch has mixed dimensions: [151, 151, 151, 151, 151, 151, 151, 198]
[2026/05/19 21:37:52] hftrainer INFO: Creating skip context for batch with B=8, L=360, D=151
[2026/05/19 21:37:52] hftrainer INFO: train_step: Skipping batch due to: dimension_mismatch
[2026/05/19 21:37:53] hftrainer WARNING: Skipping batch: found motion dims {198, 151} != 151. Batch has mixed dimensions: [151, 151, 151, 151, 151, 198, 151, 151]
[2026/05/19 21:37:53] hftrainer INFO: Creating skip context for batch with B=8, L=360, D=151
[2026/05/19 21:37:53] hftrainer INFO: train_step: Skipping batch due to: dimension_mismatch
[2026/05/19 21:37:53] hftrainer INFO: epoch [1/1000]  step [310/50944]  loss=0.0000  data_time=0.39s  train_time=0.01s  eta=304d 12:42:19
[2026/05/19 21:37:53] hftrainer WARNING: Skipping batch: found motion dims {198, 151} != 151. Batch has mixed dimensions: [198, 151, 151, 151, 151, 151, 151, 151]
[2026/05/19 21:37:53] hftrainer INFO: Creating skip context for batch with B=8, L=360, D=151
[2026/05/19 21:37:53] hftrainer INFO: train_step: Skipping batch due to: dimension_mismatch
[2026/05/19 21:37:53] hftrainer WARNING: Skipping batch: found motion dims {198, 151} != 151. Batch has mixed dimensions: [151, 151, 151, 151, 151, 198, 198, 151]
[2026/05/19 21:37:53] hftrainer INFO: Creating skip context for batch with B=8, L=360, D=151
[2026/05/19 21:37:53] hftrainer INFO: train_step: Skipping batch due to: dimension_mismatch
[2026/05/19 21:37:54] hftrainer WARNING: Skipping batch: found motion dims {198, 151} != 151. Batch has mixed dimensions: [151, 151, 151, 151, 151, 198, 151, 151]
[2026/05/19 21:37:54] hftrainer INFO: Creating skip context for batch with B=8, L=360, D=151
[2026/05/19 21:37:54] hftrainer INFO: train_step: Skipping batch due to: dimension_mismatch
[2026/05/19 21:37:54] hftrainer WARNING: Skipping batch: found motion dims {198, 151} != 151. Batch has mixed dimensions: [198, 198, 151, 198, 151, 151, 151, 151]
[2026/05/19 21:37:54] hftrainer INFO: Creating skip context for batch with B=8, L=360, D=151
[2026/05/19 21:37:54] hftrainer INFO: train_step: Skipping batch due to: dimension_mismatch
[2026/05/19 21:37:54] hftrainer WARNING: Skipping batch: found motion dims {198, 151} != 151. Batch has mixed dimensions: [151, 198, 151, 151, 151, 151, 198, 151]
[2026/05/19 21:37:54] hftrainer INFO: Creating skip context for batch with B=8, L=360, D=151
[2026/05/19 21:37:54] hftrainer INFO: train_step: Skipping batch due to: dimension_mismatch
[2026/05/19 21:37:57] hftrainer WARNING: Skipping batch: found motion dims {198, 151} != 151. Batch has mixed dimensions: [151, 151, 151, 151, 151, 151, 198, 151]
[2026/05/19 21:37:57] hftrainer INFO: Creating skip context for batch with B=8, L=360, D=151
[2026/05/19 21:37:57] hftrainer INFO: train_step: Skipping batch due to: dimension_mismatch
[2026/05/19 21:37:57] hftrainer WARNING: Skipping batch: found motion dims {198, 151} != 151. Batch has mixed dimensions: [151, 151, 198, 151, 151, 151, 151, 151]
[2026/05/19 21:37:57] hftrainer INFO: Creating skip context for batch with B=8, L=360, D=151
[2026/05/19 21:37:57] hftrainer INFO: train_step: Skipping batch due to: dimension_mismatch
[2026/05/19 21:37:57] hftrainer WARNING: Skipping batch: found motion dims {198, 151} != 151. Batch has mixed dimensions: [151, 151, 151, 151, 151, 151, 198, 151]
[2026/05/19 21:37:57] hftrainer INFO: Creating skip context for batch with B=8, L=360, D=151
[2026/05/19 21:37:57] hftrainer INFO: train_step: Skipping batch due to: dimension_mismatch
[2026/05/19 21:37:57] hftrainer INFO: epoch [1/1000]  step [320/50944]  loss=0.0000  data_time=0.04s  train_time=0.00s  eta=293d 05:37:19
[2026/05/19 21:37:58] hftrainer WARNING: Skipping batch: found motion dims {198, 151} != 151. Batch has mixed dimensions: [151, 198, 151, 151, 151, 151, 151, 151]
[2026/05/19 21:37:58] hftrainer INFO: Creating skip context for batch with B=8, L=360, D=151
[2026/05/19 21:37:58] hftrainer INFO: train_step: Skipping batch due to: dimension_mismatch
[2026/05/19 21:37:59] hftrainer WARNING: Skipping batch: found motion dims {198, 151} != 151. Batch has mixed dimensions: [198, 198, 151, 151, 151, 198, 198, 151]
[2026/05/19 21:37:59] hftrainer INFO: Creating skip context for batch with B=8, L=360, D=151
[2026/05/19 21:37:59] hftrainer INFO: train_step: Skipping batch due to: dimension_mismatch
[2026/05/19 21:37:59] hftrainer WARNING: Skipping batch: found motion dims {198, 151} != 151. Batch has mixed dimensions: [151, 151, 198, 151, 151, 151, 151, 151]
[2026/05/19 21:37:59] hftrainer INFO: Creating skip context for batch with B=8, L=360, D=151
[2026/05/19 21:37:59] hftrainer INFO: train_step: Skipping batch due to: dimension_mismatch
[2026/05/19 21:37:59] hftrainer WARNING: Skipping batch: found motion dims {198, 151} != 151. Batch has mixed dimensions: [151, 198, 151, 151, 198, 151, 151, 151]
[2026/05/19 21:37:59] hftrainer INFO: Creating skip context for batch with B=8, L=360, D=151
[2026/05/19 21:37:59] hftrainer INFO: train_step: Skipping batch due to: dimension_mismatch
[2026/05/19 21:37:59] hftrainer WARNING: Skipping batch: found motion dims {198, 151} != 151. Batch has mixed dimensions: [151, 151, 151, 198, 151, 151, 151, 151]
[2026/05/19 21:37:59] hftrainer INFO: Creating skip context for batch with B=8, L=360, D=151
[2026/05/19 21:37:59] hftrainer INFO: train_step: Skipping batch due to: dimension_mismatch
[2026/05/19 21:37:59] hftrainer WARNING: Skipping batch: found motion dims {198, 151} != 151. Batch has mixed dimensions: [151, 151, 151, 151, 198, 151, 151, 151]
[2026/05/19 21:37:59] hftrainer INFO: Creating skip context for batch with B=8, L=360, D=151
[2026/05/19 21:37:59] hftrainer INFO: train_step: Skipping batch due to: dimension_mismatch
[2026/05/19 21:37:59] hftrainer WARNING: Skipping batch: found motion dims {198, 151} != 151. Batch has mixed dimensions: [151, 198, 198, 151, 198, 151, 151, 151]
[2026/05/19 21:37:59] hftrainer INFO: Creating skip context for batch with B=8, L=360, D=151
[2026/05/19 21:37:59] hftrainer INFO: train_step: Skipping batch due to: dimension_mismatch
[2026/05/19 21:37:59] hftrainer WARNING: Skipping batch: found motion dims {198, 151} != 151. Batch has mixed dimensions: [151, 151, 198, 151, 151, 151, 151, 198]
[2026/05/19 21:37:59] hftrainer INFO: Creating skip context for batch with B=8, L=360, D=151
[2026/05/19 21:37:59] hftrainer INFO: train_step: Skipping batch due to: dimension_mismatch
[2026/05/19 21:38:01] hftrainer INFO: epoch [1/1000]  step [330/50944]  loss=1.0621  loss_velocity=0.9063  loss_x1=0.0000  loss_smoothness=0.1557  data_time=0.28s  train_time=1.12s  eta=292d 13:53:52
[2026/05/19 21:38:01] hftrainer WARNING: Skipping batch: found motion dims {198, 151} != 151. Batch has mixed dimensions: [151, 151, 151, 198, 151, 151, 198, 151]
[2026/05/19 21:38:01] hftrainer INFO: Creating skip context for batch with B=8, L=360, D=151
[2026/05/19 21:38:01] hftrainer INFO: train_step: Skipping batch due to: dimension_mismatch
[2026/05/19 21:38:01] hftrainer WARNING: Skipping batch: found motion dims {198, 151} != 151. Batch has mixed dimensions: [151, 151, 198, 151, 151, 151, 198, 151]
[2026/05/19 21:38:01] hftrainer INFO: Creating skip context for batch with B=8, L=360, D=151
[2026/05/19 21:38:01] hftrainer INFO: train_step: Skipping batch due to: dimension_mismatch
[2026/05/19 21:38:02] hftrainer WARNING: Skipping batch: found motion dims {198, 151} != 151. Batch has mixed dimensions: [151, 198, 151, 198, 151, 151, 151, 198]
[2026/05/19 21:38:02] hftrainer INFO: Creating skip context for batch with B=8, L=360, D=151
[2026/05/19 21:38:02] hftrainer INFO: train_step: Skipping batch due to: dimension_mismatch
[2026/05/19 21:38:03] hftrainer WARNING: Skipping batch: found motion dims {198, 151} != 151. Batch has mixed dimensions: [151, 151, 151, 151, 198, 151, 198, 151]
[2026/05/19 21:38:03] hftrainer INFO: Creating skip context for batch with B=8, L=360, D=151
[2026/05/19 21:38:03] hftrainer INFO: train_step: Skipping batch due to: dimension_mismatch
[2026/05/19 21:38:03] hftrainer WARNING: Skipping batch: found motion dims {198, 151} != 151. Batch has mixed dimensions: [151, 151, 151, 198, 151, 198, 151, 198]
[2026/05/19 21:38:03] hftrainer INFO: Creating skip context for batch with B=8, L=360, D=151
[2026/05/19 21:38:03] hftrainer INFO: train_step: Skipping batch due to: dimension_mismatch
[2026/05/19 21:38:03] hftrainer WARNING: Skipping batch: found motion dims {198, 151} != 151. Batch has mixed dimensions: [198, 151, 151, 198, 151, 198, 151, 151]
[2026/05/19 21:38:03] hftrainer INFO: Creating skip context for batch with B=8, L=360, D=151
[2026/05/19 21:38:03] hftrainer INFO: train_step: Skipping batch due to: dimension_mismatch
[2026/05/19 21:38:03] hftrainer WARNING: Skipping batch: found motion dims {198, 151} != 151. Batch has mixed dimensions: [151, 151, 198, 151, 151, 151, 151, 151]
[2026/05/19 21:38:03] hftrainer INFO: Creating skip context for batch with B=8, L=360, D=151
[2026/05/19 21:38:03] hftrainer INFO: train_step: Skipping batch due to: dimension_mismatch
[2026/05/19 21:38:04] hftrainer WARNING: Skipping batch: found motion dims {198, 151} != 151. Batch has mixed dimensions: [198, 151, 151, 151, 151, 151, 151, 151]
[2026/05/19 21:38:04] hftrainer INFO: Creating skip context for batch with B=8, L=360, D=151
[2026/05/19 21:38:04] hftrainer INFO: train_step: Skipping batch due to: dimension_mismatch
[2026/05/19 21:38:04] hftrainer INFO: epoch [1/1000]  step [340/50944]  loss=0.0000  data_time=0.39s  train_time=0.01s  eta=304d 18:31:19
[2026/05/19 21:38:05] hftrainer WARNING: Skipping batch: found motion dims {198, 151} != 151. Batch has mixed dimensions: [198, 151, 151, 151, 151, 151, 151, 151]
[2026/05/19 21:38:05] hftrainer INFO: Creating skip context for batch with B=8, L=360, D=151
[2026/05/19 21:38:05] hftrainer INFO: train_step: Skipping batch due to: dimension_mismatch
[2026/05/19 21:38:05] hftrainer WARNING: Skipping batch: found motion dims {198, 151} != 151. Batch has mixed dimensions: [151, 198, 151, 151, 198, 151, 151, 198]
[2026/05/19 21:38:05] hftrainer INFO: Creating skip context for batch with B=8, L=360, D=151
[2026/05/19 21:38:05] hftrainer INFO: train_step: Skipping batch due to: dimension_mismatch
[2026/05/19 21:38:05] hftrainer WARNING: Skipping batch: found motion dims {198, 151} != 151. Batch has mixed dimensions: [151, 151, 151, 151, 198, 151, 151, 151]
[2026/05/19 21:38:05] hftrainer INFO: Creating skip context for batch with B=8, L=360, D=151
[2026/05/19 21:38:05] hftrainer INFO: train_step: Skipping batch due to: dimension_mismatch
[2026/05/19 21:38:05] hftrainer WARNING: Skipping batch: found motion dims {198, 151} != 151. Batch has mixed dimensions: [198, 151, 151, 151, 151, 151, 151, 151]
[2026/05/19 21:38:05] hftrainer INFO: Creating skip context for batch with B=8, L=360, D=151
[2026/05/19 21:38:05] hftrainer INFO: train_step: Skipping batch due to: dimension_mismatch
[2026/05/19 21:38:05] hftrainer WARNING: Skipping batch: found motion dims {198, 151} != 151. Batch has mixed dimensions: [198, 198, 151, 151, 151, 151, 198, 151]
[2026/05/19 21:38:05] hftrainer INFO: Creating skip context for batch with B=8, L=360, D=151
[2026/05/19 21:38:05] hftrainer INFO: train_step: Skipping batch due to: dimension_mismatch
[2026/05/19 21:38:05] hftrainer WARNING: Skipping batch: found motion dims {198, 151} != 151. Batch has mixed dimensions: [198, 151, 151, 151, 151, 151, 151, 198]
[2026/05/19 21:38:05] hftrainer INFO: Creating skip context for batch with B=8, L=360, D=151
[2026/05/19 21:38:05] hftrainer INFO: train_step: Skipping batch due to: dimension_mismatch
[2026/05/19 21:38:05] hftrainer WARNING: Skipping batch: found motion dims {198, 151} != 151. Batch has mixed dimensions: [151, 151, 151, 151, 151, 198, 151, 151]
[2026/05/19 21:38:05] hftrainer INFO: Creating skip context for batch with B=8, L=360, D=151
[2026/05/19 21:38:05] hftrainer INFO: train_step: Skipping batch due to: dimension_mismatch
[2026/05/19 21:38:05] hftrainer WARNING: Skipping batch: found motion dims {198, 151} != 151. Batch has mixed dimensions: [151, 151, 151, 198, 151, 151, 151, 198]
[2026/05/19 21:38:05] hftrainer INFO: Creating skip context for batch with B=8, L=360, D=151
[2026/05/19 21:38:05] hftrainer INFO: train_step: Skipping batch due to: dimension_mismatch
[2026/05/19 21:38:05] hftrainer WARNING: Skipping batch: found motion dims {198, 151} != 151. Batch has mixed dimensions: [151, 151, 151, 198, 151, 151, 198, 151]
[2026/05/19 21:38:05] hftrainer INFO: Creating skip context for batch with B=8, L=360, D=151
[2026/05/19 21:38:05] hftrainer INFO: train_step: Skipping batch due to: dimension_mismatch
[2026/05/19 21:38:07] hftrainer INFO: epoch [1/1000]  step [350/50944]  loss=0.9526  loss_velocity=0.8140  loss_x1=0.0000  loss_smoothness=0.1386  data_time=0.14s  train_time=1.11s  eta=289d 08:19:06
[2026/05/19 21:38:08] hftrainer WARNING: Skipping batch: found motion dims {198, 151} != 151. Batch has mixed dimensions: [151, 198, 151, 151, 151, 198, 151, 198]
[2026/05/19 21:38:08] hftrainer INFO: Creating skip context for batch with B=8, L=360, D=151
[2026/05/19 21:38:08] hftrainer INFO: train_step: Skipping batch due to: dimension_mismatch
[2026/05/19 21:38:10] hftrainer WARNING: Skipping batch: found motion dims {198, 151} != 151. Batch has mixed dimensions: [151, 198, 151, 198, 151, 151, 151, 198]
[2026/05/19 21:38:10] hftrainer INFO: Creating skip context for batch with B=8, L=360, D=151
[2026/05/19 21:38:10] hftrainer INFO: train_step: Skipping batch due to: dimension_mismatch
[2026/05/19 21:38:10] hftrainer WARNING: Skipping batch: found motion dims {198, 151} != 151. Batch has mixed dimensions: [151, 198, 151, 151, 151, 151, 151, 151]
[2026/05/19 21:38:10] hftrainer INFO: Creating skip context for batch with B=8, L=360, D=151
[2026/05/19 21:38:10] hftrainer INFO: train_step: Skipping batch due to: dimension_mismatch
[2026/05/19 21:38:10] hftrainer WARNING: Skipping batch: found motion dims {198, 151} != 151. Batch has mixed dimensions: [151, 151, 151, 198, 151, 151, 151, 151]
[2026/05/19 21:38:10] hftrainer INFO: Creating skip context for batch with B=8, L=360, D=151
[2026/05/19 21:38:10] hftrainer INFO: train_step: Skipping batch due to: dimension_mismatch
[2026/05/19 21:38:12] hftrainer WARNING: Skipping batch: found motion dims {198, 151} != 151. Batch has mixed dimensions: [151, 151, 151, 151, 151, 151, 151, 198]
[2026/05/19 21:38:12] hftrainer INFO: Creating skip context for batch with B=8, L=360, D=151
[2026/05/19 21:38:12] hftrainer INFO: train_step: Skipping batch due to: dimension_mismatch
[2026/05/19 21:38:12] hftrainer WARNING: Skipping batch: found motion dims {198, 151} != 151. Batch has mixed dimensions: [198, 151, 151, 151, 151, 198, 151, 198]
[2026/05/19 21:38:12] hftrainer INFO: Creating skip context for batch with B=8, L=360, D=151
[2026/05/19 21:38:12] hftrainer INFO: train_step: Skipping batch due to: dimension_mismatch
[2026/05/19 21:38:13] hftrainer INFO: epoch [1/1000]  step [360/50944]  loss=1.2365  loss_velocity=1.1226  loss_x1=0.0000  loss_smoothness=0.1139  data_time=0.05s  train_time=1.15s  eta=279d 07:08:48
[2026/05/19 21:38:13] hftrainer WARNING: Skipping batch: found motion dims {198, 151} != 151. Batch has mixed dimensions: [151, 151, 151, 151, 198, 198, 151, 151]
[2026/05/19 21:38:13] hftrainer INFO: Creating skip context for batch with B=8, L=360, D=151
[2026/05/19 21:38:13] hftrainer INFO: train_step: Skipping batch due to: dimension_mismatch
[2026/05/19 21:38:15] hftrainer WARNING: Skipping batch: found motion dims {198, 151} != 151. Batch has mixed dimensions: [198, 151, 151, 151, 151, 151, 151, 151]
[2026/05/19 21:38:15] hftrainer INFO: Creating skip context for batch with B=8, L=360, D=151
[2026/05/19 21:38:15] hftrainer INFO: train_step: Skipping batch due to: dimension_mismatch
[2026/05/19 21:38:15] hftrainer WARNING: Skipping batch: found motion dims {198, 151} != 151. Batch has mixed dimensions: [151, 151, 198, 151, 151, 151, 151, 151]
[2026/05/19 21:38:15] hftrainer INFO: Creating skip context for batch with B=8, L=360, D=151
[2026/05/19 21:38:15] hftrainer INFO: train_step: Skipping batch due to: dimension_mismatch
[2026/05/19 21:38:16] hftrainer WARNING: Skipping batch: found motion dims {198, 151} != 151. Batch has mixed dimensions: [151, 151, 151, 151, 151, 151, 151, 198]
[2026/05/19 21:38:16] hftrainer INFO: Creating skip context for batch with B=8, L=360, D=151
[2026/05/19 21:38:16] hftrainer INFO: train_step: Skipping batch due to: dimension_mismatch
[2026/05/19 21:38:20] hftrainer WARNING: Skipping batch: found motion dims {198, 151} != 151. Batch has mixed dimensions: [151, 198, 151, 151, 198, 151, 198, 151]
[2026/05/19 21:38:20] hftrainer INFO: Creating skip context for batch with B=8, L=360, D=151
[2026/05/19 21:38:20] hftrainer INFO: train_step: Skipping batch due to: dimension_mismatch
[2026/05/19 21:38:20] hftrainer WARNING: Skipping batch: found motion dims {198, 151} != 151. Batch has mixed dimensions: [151, 151, 151, 198, 198, 151, 151, 151]
[2026/05/19 21:38:20] hftrainer INFO: Creating skip context for batch with B=8, L=360, D=151
[2026/05/19 21:38:20] hftrainer INFO: train_step: Skipping batch due to: dimension_mismatch
[2026/05/19 21:38:20] hftrainer INFO: epoch [1/1000]  step [370/50944]  loss=0.0000  data_time=0.04s  train_time=0.00s  eta=275d 10:15:04
[2026/05/19 21:38:20] hftrainer WARNING: Skipping batch: found motion dims {198, 151} != 151. Batch has mixed dimensions: [151, 151, 151, 198, 151, 151, 151, 198]
[2026/05/19 21:38:20] hftrainer INFO: Creating skip context for batch with B=8, L=360, D=151
[2026/05/19 21:38:20] hftrainer INFO: train_step: Skipping batch due to: dimension_mismatch
[2026/05/19 21:38:20] hftrainer WARNING: Skipping batch: found motion dims {198, 151} != 151. Batch has mixed dimensions: [151, 151, 198, 151, 151, 151, 198, 151]
[2026/05/19 21:38:20] hftrainer INFO: Creating skip context for batch with B=8, L=360, D=151
[2026/05/19 21:38:20] hftrainer INFO: train_step: Skipping batch due to: dimension_mismatch
[2026/05/19 21:38:20] hftrainer WARNING: Skipping batch: found motion dims {198, 151} != 151. Batch has mixed dimensions: [151, 198, 151, 151, 151, 151, 151, 151]
[2026/05/19 21:38:20] hftrainer INFO: Creating skip context for batch with B=8, L=360, D=151
[2026/05/19 21:38:20] hftrainer INFO: train_step: Skipping batch due to: dimension_mismatch
[2026/05/19 21:38:20] hftrainer WARNING: Skipping batch: found motion dims {198, 151} != 151. Batch has mixed dimensions: [151, 198, 151, 151, 151, 151, 151, 151]
[2026/05/19 21:38:20] hftrainer INFO: Creating skip context for batch with B=8, L=360, D=151
[2026/05/19 21:38:20] hftrainer INFO: train_step: Skipping batch due to: dimension_mismatch
[2026/05/19 21:38:20] hftrainer WARNING: Skipping batch: found motion dims {198, 151} != 151. Batch has mixed dimensions: [151, 151, 151, 151, 198, 151, 151, 151]
[2026/05/19 21:38:20] hftrainer INFO: Creating skip context for batch with B=8, L=360, D=151
[2026/05/19 21:38:20] hftrainer INFO: train_step: Skipping batch due to: dimension_mismatch
[2026/05/19 21:38:22] hftrainer WARNING: Skipping batch: found motion dims {198, 151} != 151. Batch has mixed dimensions: [151, 151, 198, 151, 151, 198, 151, 151]
[2026/05/19 21:38:22] hftrainer INFO: Creating skip context for batch with B=8, L=360, D=151
[2026/05/19 21:38:22] hftrainer INFO: train_step: Skipping batch due to: dimension_mismatch
[2026/05/19 21:38:22] hftrainer WARNING: Skipping batch: found motion dims {198, 151} != 151. Batch has mixed dimensions: [151, 151, 151, 151, 151, 198, 151, 151]
[2026/05/19 21:38:22] hftrainer INFO: Creating skip context for batch with B=8, L=360, D=151
[2026/05/19 21:38:22] hftrainer INFO: train_step: Skipping batch due to: dimension_mismatch
[2026/05/19 21:38:22] hftrainer WARNING: Skipping batch: found motion dims {198, 151} != 151. Batch has mixed dimensions: [151, 151, 151, 151, 198, 151, 151, 151]
[2026/05/19 21:38:22] hftrainer INFO: Creating skip context for batch with B=8, L=360, D=151
[2026/05/19 21:38:22] hftrainer INFO: train_step: Skipping batch due to: dimension_mismatch
[2026/05/19 21:38:23] hftrainer INFO: epoch [1/1000]  step [380/50944]  loss=1.4921  loss_velocity=1.3184  loss_x1=0.0000  loss_smoothness=0.1737  data_time=0.04s  train_time=1.16s  eta=265d 09:30:37
[2026/05/19 21:38:23] hftrainer WARNING: Skipping batch: found motion dims {198, 151} != 151. Batch has mixed dimensions: [151, 151, 151, 198, 151, 151, 151, 151]
[2026/05/19 21:38:23] hftrainer INFO: Creating skip context for batch with B=8, L=360, D=151
[2026/05/19 21:38:23] hftrainer INFO: train_step: Skipping batch due to: dimension_mismatch
[2026/05/19 21:38:25] hftrainer WARNING: Skipping batch: found motion dims {198, 151} != 151. Batch has mixed dimensions: [198, 151, 151, 151, 151, 151, 151, 151]
[2026/05/19 21:38:25] hftrainer INFO: Creating skip context for batch with B=8, L=360, D=151
[2026/05/19 21:38:25] hftrainer INFO: train_step: Skipping batch due to: dimension_mismatch
[2026/05/19 21:38:27] hftrainer WARNING: Skipping batch: found motion dims {198, 151} != 151. Batch has mixed dimensions: [151, 151, 151, 198, 151, 151, 151, 151]
[2026/05/19 21:38:27] hftrainer INFO: Creating skip context for batch with B=8, L=360, D=151
[2026/05/19 21:38:27] hftrainer INFO: train_step: Skipping batch due to: dimension_mismatch
[2026/05/19 21:38:27] hftrainer WARNING: Skipping batch: found motion dims {198, 151} != 151. Batch has mixed dimensions: [151, 151, 151, 151, 151, 151, 151, 198]
[2026/05/19 21:38:27] hftrainer INFO: Creating skip context for batch with B=8, L=360, D=151
[2026/05/19 21:38:27] hftrainer INFO: train_step: Skipping batch due to: dimension_mismatch
[2026/05/19 21:38:28] hftrainer WARNING: Skipping batch: found motion dims {198, 151} != 151. Batch has mixed dimensions: [151, 198, 151, 151, 151, 151, 151, 151]
[2026/05/19 21:38:28] hftrainer INFO: Creating skip context for batch with B=8, L=360, D=151
[2026/05/19 21:38:28] hftrainer INFO: train_step: Skipping batch due to: dimension_mismatch
[2026/05/19 21:38:30] hftrainer WARNING: Skipping batch: found motion dims {198, 151} != 151. Batch has mixed dimensions: [151, 151, 151, 151, 151, 151, 151, 198]
[2026/05/19 21:38:30] hftrainer INFO: Creating skip context for batch with B=8, L=360, D=151
[2026/05/19 21:38:30] hftrainer INFO: train_step: Skipping batch due to: dimension_mismatch
[2026/05/19 21:38:30] hftrainer INFO: epoch [1/1000]  step [390/50944]  loss=0.0000  data_time=0.39s  train_time=0.01s  eta=274d 15:11:57
[2026/05/19 21:38:30] hftrainer WARNING: Skipping batch: found motion dims {198, 151} != 151. Batch has mixed dimensions: [198, 151, 198, 151, 198, 151, 151, 151]
[2026/05/19 21:38:30] hftrainer INFO: Creating skip context for batch with B=8, L=360, D=151
[2026/05/19 21:38:30] hftrainer INFO: train_step: Skipping batch due to: dimension_mismatch
[2026/05/19 21:38:30] hftrainer WARNING: Skipping batch: found motion dims {198, 151} != 151. Batch has mixed dimensions: [151, 151, 198, 151, 151, 198, 151, 151]
[2026/05/19 21:38:30] hftrainer INFO: Creating skip context for batch with B=8, L=360, D=151
[2026/05/19 21:38:30] hftrainer INFO: train_step: Skipping batch due to: dimension_mismatch
[2026/05/19 21:38:30] hftrainer WARNING: Skipping batch: found motion dims {198, 151} != 151. Batch has mixed dimensions: [151, 198, 151, 151, 151, 151, 151, 151]
[2026/05/19 21:38:30] hftrainer INFO: Creating skip context for batch with B=8, L=360, D=151
[2026/05/19 21:38:30] hftrainer INFO: train_step: Skipping batch due to: dimension_mismatch
[2026/05/19 21:38:30] hftrainer WARNING: Skipping batch: found motion dims {198, 151} != 151. Batch has mixed dimensions: [151, 151, 198, 151, 151, 198, 151, 198]
[2026/05/19 21:38:30] hftrainer INFO: Creating skip context for batch with B=8, L=360, D=151
[2026/05/19 21:38:30] hftrainer INFO: train_step: Skipping batch due to: dimension_mismatch
[2026/05/19 21:38:33] hftrainer WARNING: Skipping batch: found motion dims {198, 151} != 151. Batch has mixed dimensions: [151, 198, 151, 151, 198, 151, 151, 151]
[2026/05/19 21:38:33] hftrainer INFO: Creating skip context for batch with B=8, L=360, D=151
[2026/05/19 21:38:33] hftrainer INFO: train_step: Skipping batch due to: dimension_mismatch
[2026/05/19 21:38:33] hftrainer WARNING: Skipping batch: found motion dims {198, 151} != 151. Batch has mixed dimensions: [151, 151, 151, 198, 198, 151, 198, 151]
[2026/05/19 21:38:33] hftrainer INFO: Creating skip context for batch with B=8, L=360, D=151
[2026/05/19 21:38:33] hftrainer INFO: train_step: Skipping batch due to: dimension_mismatch
[2026/05/19 21:38:35] hftrainer WARNING: Skipping batch: found motion dims {198, 151} != 151. Batch has mixed dimensions: [151, 151, 151, 151, 151, 151, 198, 151]
[2026/05/19 21:38:35] hftrainer INFO: Creating skip context for batch with B=8, L=360, D=151
[2026/05/19 21:38:35] hftrainer INFO: train_step: Skipping batch due to: dimension_mismatch
[2026/05/19 21:38:35] hftrainer INFO: epoch [1/1000]  step [400/50944]  loss=0.0000  data_time=0.41s  train_time=0.01s  eta=266d 12:01:31
[2026/05/19 21:38:35] hftrainer WARNING: Skipping batch: found motion dims {198, 151} != 151. Batch has mixed dimensions: [198, 198, 151, 198, 151, 198, 198, 151]
[2026/05/19 21:38:35] hftrainer INFO: Creating skip context for batch with B=8, L=360, D=151
[2026/05/19 21:38:35] hftrainer INFO: train_step: Skipping batch due to: dimension_mismatch
[2026/05/19 21:38:37] hftrainer WARNING: Skipping batch: found motion dims {198, 151} != 151. Batch has mixed dimensions: [198, 198, 151, 151, 151, 151, 151, 151]
[2026/05/19 21:38:37] hftrainer INFO: Creating skip context for batch with B=8, L=360, D=151
[2026/05/19 21:38:37] hftrainer INFO: train_step: Skipping batch due to: dimension_mismatch
[2026/05/19 21:38:37] hftrainer WARNING: Skipping batch: found motion dims {198, 151} != 151. Batch has mixed dimensions: [198, 151, 151, 151, 151, 151, 151, 151]
[2026/05/19 21:38:37] hftrainer INFO: Creating skip context for batch with B=8, L=360, D=151
[2026/05/19 21:38:37] hftrainer INFO: train_step: Skipping batch due to: dimension_mismatch
[2026/05/19 21:38:37] hftrainer WARNING: Skipping batch: found motion dims {198, 151} != 151. Batch has mixed dimensions: [151, 151, 198, 151, 198, 151, 151, 151]
[2026/05/19 21:38:37] hftrainer INFO: Creating skip context for batch with B=8, L=360, D=151
[2026/05/19 21:38:37] hftrainer INFO: train_step: Skipping batch due to: dimension_mismatch
[2026/05/19 21:38:37] hftrainer WARNING: Skipping batch: found motion dims {198, 151} != 151. Batch has mixed dimensions: [151, 151, 198, 198, 151, 151, 198, 151]
[2026/05/19 21:38:37] hftrainer INFO: Creating skip context for batch with B=8, L=360, D=151
[2026/05/19 21:38:37] hftrainer INFO: train_step: Skipping batch due to: dimension_mismatch
[2026/05/19 21:38:37] hftrainer WARNING: Skipping batch: found motion dims {198, 151} != 151. Batch has mixed dimensions: [151, 151, 151, 198, 151, 198, 151, 151]
[2026/05/19 21:38:37] hftrainer INFO: Creating skip context for batch with B=8, L=360, D=151
[2026/05/19 21:38:37] hftrainer INFO: train_step: Skipping batch due to: dimension_mismatch
[2026/05/19 21:38:37] hftrainer WARNING: Skipping batch: found motion dims {198, 151} != 151. Batch has mixed dimensions: [198, 151, 151, 198, 151, 151, 198, 151]
[2026/05/19 21:38:37] hftrainer INFO: Creating skip context for batch with B=8, L=360, D=151
[2026/05/19 21:38:37] hftrainer INFO: train_step: Skipping batch due to: dimension_mismatch
[2026/05/19 21:38:37] hftrainer WARNING: Skipping batch: found motion dims {198, 151} != 151. Batch has mixed dimensions: [151, 151, 151, 151, 151, 198, 198, 151]
[2026/05/19 21:38:37] hftrainer INFO: Creating skip context for batch with B=8, L=360, D=151
[2026/05/19 21:38:37] hftrainer INFO: train_step: Skipping batch due to: dimension_mismatch
[2026/05/19 21:38:37] hftrainer WARNING: Skipping batch: found motion dims {198, 151} != 151. Batch has mixed dimensions: [151, 151, 198, 151, 198, 151, 151, 198]
[2026/05/19 21:38:37] hftrainer INFO: Creating skip context for batch with B=8, L=360, D=151
[2026/05/19 21:38:37] hftrainer INFO: train_step: Skipping batch due to: dimension_mismatch
[2026/05/19 21:38:37] hftrainer INFO: epoch [1/1000]  step [410/50944]  loss=0.0000  data_time=0.04s  train_time=0.00s  eta=258d 05:47:53
[2026/05/19 21:38:37] hftrainer WARNING: Skipping batch: found motion dims {198, 151} != 151. Batch has mixed dimensions: [151, 151, 151, 151, 151, 151, 198, 151]
[2026/05/19 21:38:37] hftrainer INFO: Creating skip context for batch with B=8, L=360, D=151
[2026/05/19 21:38:37] hftrainer INFO: train_step: Skipping batch due to: dimension_mismatch
[2026/05/19 21:38:37] hftrainer WARNING: Skipping batch: found motion dims {198, 151} != 151. Batch has mixed dimensions: [151, 151, 151, 151, 198, 151, 198, 198]
[2026/05/19 21:38:37] hftrainer INFO: Creating skip context for batch with B=8, L=360, D=151
[2026/05/19 21:38:37] hftrainer INFO: train_step: Skipping batch due to: dimension_mismatch
[2026/05/19 21:38:37] hftrainer WARNING: Skipping batch: found motion dims {198, 151} != 151. Batch has mixed dimensions: [151, 151, 198, 151, 151, 151, 151, 151]
[2026/05/19 21:38:37] hftrainer INFO: Creating skip context for batch with B=8, L=360, D=151
[2026/05/19 21:38:37] hftrainer INFO: train_step: Skipping batch due to: dimension_mismatch
[2026/05/19 21:38:37] hftrainer WARNING: Skipping batch: found motion dims {198, 151} != 151. Batch has mixed dimensions: [151, 151, 151, 151, 151, 151, 151, 198]
[2026/05/19 21:38:37] hftrainer INFO: Creating skip context for batch with B=8, L=360, D=151
[2026/05/19 21:38:37] hftrainer INFO: train_step: Skipping batch due to: dimension_mismatch
[2026/05/19 21:38:38] hftrainer WARNING: Skipping batch: found motion dims {198, 151} != 151. Batch has mixed dimensions: [198, 151, 198, 151, 151, 198, 151, 151]
[2026/05/19 21:38:38] hftrainer INFO: Creating skip context for batch with B=8, L=360, D=151
[2026/05/19 21:38:38] hftrainer INFO: train_step: Skipping batch due to: dimension_mismatch
[2026/05/19 21:38:39] hftrainer WARNING: Skipping batch: found motion dims {198, 151} != 151. Batch has mixed dimensions: [151, 151, 151, 151, 198, 198, 151, 151]
[2026/05/19 21:38:39] hftrainer INFO: Creating skip context for batch with B=8, L=360, D=151
[2026/05/19 21:38:39] hftrainer INFO: train_step: Skipping batch due to: dimension_mismatch
[2026/05/19 21:38:44] hftrainer INFO: epoch [1/1000]  step [420/50944]  loss=1.2136  loss_velocity=1.1083  loss_x1=0.0000  loss_smoothness=0.1053  data_time=0.40s  train_time=1.15s  eta=276d 05:46:38
[2026/05/19 21:38:44] hftrainer WARNING: Skipping batch: found motion dims {198, 151} != 151. Batch has mixed dimensions: [151, 151, 151, 151, 198, 151, 151, 151]
[2026/05/19 21:38:44] hftrainer INFO: Creating skip context for batch with B=8, L=360, D=151
[2026/05/19 21:38:44] hftrainer INFO: train_step: Skipping batch due to: dimension_mismatch
[2026/05/19 21:38:44] hftrainer WARNING: Skipping batch: found motion dims {198, 151} != 151. Batch has mixed dimensions: [198, 151, 151, 151, 198, 151, 151, 151]
[2026/05/19 21:38:44] hftrainer INFO: Creating skip context for batch with B=8, L=360, D=151
[2026/05/19 21:38:44] hftrainer INFO: train_step: Skipping batch due to: dimension_mismatch
[2026/05/19 21:38:44] hftrainer WARNING: Skipping batch: found motion dims {198, 151} != 151. Batch has mixed dimensions: [151, 151, 198, 151, 151, 151, 151, 151]
[2026/05/19 21:38:44] hftrainer INFO: Creating skip context for batch with B=8, L=360, D=151
[2026/05/19 21:38:44] hftrainer INFO: train_step: Skipping batch due to: dimension_mismatch
[2026/05/19 21:38:44] hftrainer WARNING: Skipping batch: found motion dims {198, 151} != 151. Batch has mixed dimensions: [198, 151, 151, 151, 151, 151, 198, 198]
[2026/05/19 21:38:44] hftrainer INFO: Creating skip context for batch with B=8, L=360, D=151
[2026/05/19 21:38:44] hftrainer INFO: train_step: Skipping batch due to: dimension_mismatch
[2026/05/19 21:38:44] hftrainer WARNING: Skipping batch: found motion dims {198, 151} != 151. Batch has mixed dimensions: [151, 151, 151, 151, 151, 198, 151, 151]
[2026/05/19 21:38:44] hftrainer INFO: Creating skip context for batch with B=8, L=360, D=151
[2026/05/19 21:38:44] hftrainer INFO: train_step: Skipping batch due to: dimension_mismatch
[2026/05/19 21:38:44] hftrainer WARNING: Skipping batch: found motion dims {198, 151} != 151. Batch has mixed dimensions: [151, 151, 198, 151, 151, 151, 151, 151]
[2026/05/19 21:38:44] hftrainer INFO: Creating skip context for batch with B=8, L=360, D=151
[2026/05/19 21:38:44] hftrainer INFO: train_step: Skipping batch due to: dimension_mismatch
[2026/05/19 21:38:44] hftrainer WARNING: Skipping batch: found motion dims {198, 151} != 151. Batch has mixed dimensions: [151, 151, 151, 151, 151, 151, 198, 151]
[2026/05/19 21:38:44] hftrainer INFO: Creating skip context for batch with B=8, L=360, D=151
[2026/05/19 21:38:44] hftrainer INFO: train_step: Skipping batch due to: dimension_mismatch
[2026/05/19 21:38:45] hftrainer WARNING: Skipping batch: found motion dims {198, 151} != 151. Batch has mixed dimensions: [151, 151, 151, 151, 151, 198, 151, 151]
[2026/05/19 21:38:45] hftrainer INFO: Creating skip context for batch with B=8, L=360, D=151
[2026/05/19 21:38:45] hftrainer INFO: train_step: Skipping batch due to: dimension_mismatch
[2026/05/19 21:38:46] hftrainer WARNING: Skipping batch: found motion dims {198, 151} != 151. Batch has mixed dimensions: [151, 151, 151, 151, 151, 151, 198, 151]
[2026/05/19 21:38:46] hftrainer INFO: Creating skip context for batch with B=8, L=360, D=151
[2026/05/19 21:38:46] hftrainer INFO: train_step: Skipping batch due to: dimension_mismatch
[2026/05/19 21:38:46] hftrainer INFO: epoch [1/1000]  step [430/50944]  loss=0.0000  data_time=0.39s  train_time=0.01s  eta=271d 16:29:16
[2026/05/19 21:38:46] hftrainer WARNING: Skipping batch: found motion dims {198, 151} != 151. Batch has mixed dimensions: [151, 151, 151, 151, 198, 151, 151, 151]
[2026/05/19 21:38:46] hftrainer INFO: Creating skip context for batch with B=8, L=360, D=151
[2026/05/19 21:38:46] hftrainer INFO: train_step: Skipping batch due to: dimension_mismatch
[2026/05/19 21:38:48] hftrainer WARNING: Skipping batch: found motion dims {198, 151} != 151. Batch has mixed dimensions: [198, 151, 151, 151, 151, 151, 151, 151]
[2026/05/19 21:38:48] hftrainer INFO: Creating skip context for batch with B=8, L=360, D=151
[2026/05/19 21:38:48] hftrainer INFO: train_step: Skipping batch due to: dimension_mismatch
[2026/05/19 21:38:48] hftrainer WARNING: Skipping batch: found motion dims {198, 151} != 151. Batch has mixed dimensions: [198, 151, 198, 198, 151, 151, 151, 151]
[2026/05/19 21:38:48] hftrainer INFO: Creating skip context for batch with B=8, L=360, D=151
[2026/05/19 21:38:48] hftrainer INFO: train_step: Skipping batch due to: dimension_mismatch
[2026/05/19 21:38:48] hftrainer WARNING: Skipping batch: found motion dims {198, 151} != 151. Batch has mixed dimensions: [151, 151, 151, 198, 151, 151, 151, 151]
[2026/05/19 21:38:48] hftrainer INFO: Creating skip context for batch with B=8, L=360, D=151
[2026/05/19 21:38:48] hftrainer INFO: train_step: Skipping batch due to: dimension_mismatch
[2026/05/19 21:38:50] hftrainer WARNING: Skipping batch: found motion dims {198, 151} != 151. Batch has mixed dimensions: [151, 151, 151, 198, 151, 198, 151, 151]
[2026/05/19 21:38:50] hftrainer INFO: Creating skip context for batch with B=8, L=360, D=151
[2026/05/19 21:38:50] hftrainer INFO: train_step: Skipping batch due to: dimension_mismatch
[2026/05/19 21:38:53] hftrainer WARNING: Skipping batch: found motion dims {198, 151} != 151. Batch has mixed dimensions: [151, 198, 151, 151, 151, 151, 198, 151]
[2026/05/19 21:38:53] hftrainer INFO: Creating skip context for batch with B=8, L=360, D=151
[2026/05/19 21:38:53] hftrainer INFO: train_step: Skipping batch due to: dimension_mismatch
[2026/05/19 21:38:53] hftrainer INFO: epoch [1/1000]  step [440/50944]  loss=0.0000  data_time=0.39s  train_time=0.01s  eta=286d 12:37:25
[2026/05/19 21:38:53] hftrainer WARNING: Skipping batch: found motion dims {198, 151} != 151. Batch has mixed dimensions: [198, 198, 198, 151, 151, 198, 151, 151]
[2026/05/19 21:38:53] hftrainer INFO: Creating skip context for batch with B=8, L=360, D=151
[2026/05/19 21:38:53] hftrainer INFO: train_step: Skipping batch due to: dimension_mismatch
[2026/05/19 21:38:53] hftrainer WARNING: Skipping batch: found motion dims {198, 151} != 151. Batch has mixed dimensions: [151, 151, 151, 198, 151, 151, 151, 151]
[2026/05/19 21:38:53] hftrainer INFO: Creating skip context for batch with B=8, L=360, D=151
[2026/05/19 21:38:53] hftrainer INFO: train_step: Skipping batch due to: dimension_mismatch
[2026/05/19 21:38:53] hftrainer WARNING: Skipping batch: found motion dims {198, 151} != 151. Batch has mixed dimensions: [151, 198, 151, 198, 198, 151, 151, 198]
[2026/05/19 21:38:53] hftrainer INFO: Creating skip context for batch with B=8, L=360, D=151
[2026/05/19 21:38:53] hftrainer INFO: train_step: Skipping batch due to: dimension_mismatch
[2026/05/19 21:38:53] hftrainer WARNING: Skipping batch: found motion dims {198, 151} != 151. Batch has mixed dimensions: [151, 151, 198, 151, 151, 151, 151, 151]
[2026/05/19 21:38:53] hftrainer INFO: Creating skip context for batch with B=8, L=360, D=151
[2026/05/19 21:38:53] hftrainer INFO: train_step: Skipping batch due to: dimension_mismatch
[2026/05/19 21:38:53] hftrainer WARNING: Skipping batch: found motion dims {198, 151} != 151. Batch has mixed dimensions: [151, 198, 151, 151, 151, 151, 151, 151]
[2026/05/19 21:38:53] hftrainer INFO: Creating skip context for batch with B=8, L=360, D=151
[2026/05/19 21:38:53] hftrainer INFO: train_step: Skipping batch due to: dimension_mismatch
[2026/05/19 21:38:53] hftrainer WARNING: Skipping batch: found motion dims {198, 151} != 151. Batch has mixed dimensions: [151, 151, 151, 198, 151, 151, 151, 151]
[2026/05/19 21:38:53] hftrainer INFO: Creating skip context for batch with B=8, L=360, D=151
[2026/05/19 21:38:53] hftrainer INFO: train_step: Skipping batch due to: dimension_mismatch
[2026/05/19 21:38:53] hftrainer WARNING: Skipping batch: found motion dims {198, 151} != 151. Batch has mixed dimensions: [151, 151, 151, 151, 198, 151, 151, 198]
[2026/05/19 21:38:53] hftrainer INFO: Creating skip context for batch with B=8, L=360, D=151
[2026/05/19 21:38:53] hftrainer INFO: train_step: Skipping batch due to: dimension_mismatch
[2026/05/19 21:38:54] hftrainer WARNING: Skipping batch: found motion dims {198, 151} != 151. Batch has mixed dimensions: [151, 151, 151, 198, 151, 151, 151, 151]
[2026/05/19 21:38:54] hftrainer INFO: Creating skip context for batch with B=8, L=360, D=151
[2026/05/19 21:38:54] hftrainer INFO: train_step: Skipping batch due to: dimension_mismatch
[2026/05/19 21:38:55] hftrainer WARNING: Skipping batch: found motion dims {198, 151} != 151. Batch has mixed dimensions: [151, 151, 151, 151, 198, 151, 151, 151]
[2026/05/19 21:38:55] hftrainer INFO: Creating skip context for batch with B=8, L=360, D=151
[2026/05/19 21:38:55] hftrainer INFO: train_step: Skipping batch due to: dimension_mismatch
[2026/05/19 21:38:55] hftrainer INFO: epoch [1/1000]  step [450/50944]  loss=0.0000  data_time=0.39s  train_time=0.01s  eta=288d 01:26:25
[2026/05/19 21:39:00] hftrainer WARNING: Skipping batch: found motion dims {198, 151} != 151. Batch has mixed dimensions: [151, 151, 151, 151, 151, 198, 151, 151]
[2026/05/19 21:39:00] hftrainer INFO: Creating skip context for batch with B=8, L=360, D=151
[2026/05/19 21:39:00] hftrainer INFO: train_step: Skipping batch due to: dimension_mismatch
[2026/05/19 21:39:00] hftrainer WARNING: Skipping batch: found motion dims {198, 151} != 151. Batch has mixed dimensions: [151, 151, 151, 198, 151, 151, 151, 151]
[2026/05/19 21:39:00] hftrainer INFO: Creating skip context for batch with B=8, L=360, D=151
[2026/05/19 21:39:00] hftrainer INFO: train_step: Skipping batch due to: dimension_mismatch
[2026/05/19 21:39:00] hftrainer WARNING: Skipping batch: found motion dims {198, 151} != 151. Batch has mixed dimensions: [151, 198, 198, 151, 151, 151, 198, 151]
[2026/05/19 21:39:00] hftrainer INFO: Creating skip context for batch with B=8, L=360, D=151
[2026/05/19 21:39:00] hftrainer INFO: train_step: Skipping batch due to: dimension_mismatch
[2026/05/19 21:39:00] hftrainer WARNING: Skipping batch: found motion dims {198, 151} != 151. Batch has mixed dimensions: [151, 151, 151, 151, 198, 151, 151, 151]
[2026/05/19 21:39:00] hftrainer INFO: Creating skip context for batch with B=8, L=360, D=151
[2026/05/19 21:39:00] hftrainer INFO: train_step: Skipping batch due to: dimension_mismatch
[2026/05/19 21:39:00] hftrainer WARNING: Skipping batch: found motion dims {198, 151} != 151. Batch has mixed dimensions: [151, 151, 151, 198, 151, 151, 151, 151]
[2026/05/19 21:39:00] hftrainer INFO: Creating skip context for batch with B=8, L=360, D=151
[2026/05/19 21:39:00] hftrainer INFO: train_step: Skipping batch due to: dimension_mismatch
[2026/05/19 21:39:00] hftrainer WARNING: Skipping batch: found motion dims {198, 151} != 151. Batch has mixed dimensions: [198, 151, 151, 151, 151, 151, 151, 151]
[2026/05/19 21:39:00] hftrainer INFO: Creating skip context for batch with B=8, L=360, D=151
[2026/05/19 21:39:00] hftrainer INFO: train_step: Skipping batch due to: dimension_mismatch
[2026/05/19 21:39:02] hftrainer INFO: epoch [1/1000]  step [460/50944]  loss=1.3370  loss_velocity=1.1828  loss_x1=0.0000  loss_smoothness=0.1542  data_time=0.05s  train_time=1.16s  eta=286d 02:16:47
[2026/05/19 21:39:02] hftrainer WARNING: Skipping batch: found motion dims {198, 151} != 151. Batch has mixed dimensions: [151, 151, 151, 198, 151, 151, 198, 151]
[2026/05/19 21:39:02] hftrainer INFO: Creating skip context for batch with B=8, L=360, D=151
[2026/05/19 21:39:02] hftrainer INFO: train_step: Skipping batch due to: dimension_mismatch
[2026/05/19 21:39:04] hftrainer WARNING: Skipping batch: found motion dims {198, 151} != 151. Batch has mixed dimensions: [151, 151, 151, 151, 151, 151, 151, 198]
[2026/05/19 21:39:04] hftrainer INFO: Creating skip context for batch with B=8, L=360, D=151
[2026/05/19 21:39:04] hftrainer INFO: train_step: Skipping batch due to: dimension_mismatch
[2026/05/19 21:39:06] hftrainer WARNING: Skipping batch: found motion dims {198, 151} != 151. Batch has mixed dimensions: [198, 151, 151, 151, 151, 151, 151, 198]
[2026/05/19 21:39:06] hftrainer INFO: Creating skip context for batch with B=8, L=360, D=151
[2026/05/19 21:39:06] hftrainer INFO: train_step: Skipping batch due to: dimension_mismatch
[2026/05/19 21:39:06] hftrainer WARNING: Skipping batch: found motion dims {198, 151} != 151. Batch has mixed dimensions: [198, 198, 151, 151, 151, 151, 151, 198]
[2026/05/19 21:39:06] hftrainer INFO: Creating skip context for batch with B=8, L=360, D=151
[2026/05/19 21:39:06] hftrainer INFO: train_step: Skipping batch due to: dimension_mismatch
[2026/05/19 21:39:06] hftrainer WARNING: Skipping batch: found motion dims {198, 151} != 151. Batch has mixed dimensions: [151, 151, 198, 151, 151, 151, 151, 151]
[2026/05/19 21:39:06] hftrainer INFO: Creating skip context for batch with B=8, L=360, D=151
[2026/05/19 21:39:06] hftrainer INFO: train_step: Skipping batch due to: dimension_mismatch
[2026/05/19 21:39:09] hftrainer WARNING: Skipping batch: found motion dims {198, 151} != 151. Batch has mixed dimensions: [151, 198, 151, 151, 151, 198, 151, 151]
[2026/05/19 21:39:09] hftrainer INFO: Creating skip context for batch with B=8, L=360, D=151
[2026/05/19 21:39:09] hftrainer INFO: train_step: Skipping batch due to: dimension_mismatch
[2026/05/19 21:39:09] hftrainer INFO: epoch [1/1000]  step [470/50944]  loss=0.0000  data_time=0.40s  train_time=0.01s  eta=290d 06:14:36
[2026/05/19 21:39:09] hftrainer WARNING: Skipping batch: found motion dims {198, 151} != 151. Batch has mixed dimensions: [198, 151, 151, 151, 198, 151, 151, 198]
[2026/05/19 21:39:09] hftrainer INFO: Creating skip context for batch with B=8, L=360, D=151
[2026/05/19 21:39:09] hftrainer INFO: train_step: Skipping batch due to: dimension_mismatch
[2026/05/19 21:39:11] hftrainer WARNING: Skipping batch: found motion dims {198, 151} != 151. Batch has mixed dimensions: [198, 151, 151, 151, 151, 151, 151, 151]
[2026/05/19 21:39:11] hftrainer INFO: Creating skip context for batch with B=8, L=360, D=151
[2026/05/19 21:39:11] hftrainer INFO: train_step: Skipping batch due to: dimension_mismatch
[2026/05/19 21:39:14] hftrainer WARNING: Skipping batch: found motion dims {198, 151} != 151. Batch has mixed dimensions: [151, 151, 198, 151, 198, 151, 151, 151]
[2026/05/19 21:39:14] hftrainer INFO: Creating skip context for batch with B=8, L=360, D=151
[2026/05/19 21:39:14] hftrainer INFO: train_step: Skipping batch due to: dimension_mismatch
[2026/05/19 21:39:14] hftrainer WARNING: Skipping batch: found motion dims {198, 151} != 151. Batch has mixed dimensions: [151, 151, 198, 151, 151, 151, 151, 151]
[2026/05/19 21:39:14] hftrainer INFO: Creating skip context for batch with B=8, L=360, D=151
[2026/05/19 21:39:14] hftrainer INFO: train_step: Skipping batch due to: dimension_mismatch
[2026/05/19 21:39:14] hftrainer WARNING: Skipping batch: found motion dims {198, 151} != 151. Batch has mixed dimensions: [151, 151, 151, 151, 151, 198, 151, 151]
[2026/05/19 21:39:14] hftrainer INFO: Creating skip context for batch with B=8, L=360, D=151
[2026/05/19 21:39:14] hftrainer INFO: train_step: Skipping batch due to: dimension_mismatch
[2026/05/19 21:39:14] hftrainer WARNING: Skipping batch: found motion dims {198, 151} != 151. Batch has mixed dimensions: [151, 198, 151, 151, 151, 151, 151, 151]
[2026/05/19 21:39:14] hftrainer INFO: Creating skip context for batch with B=8, L=360, D=151
[2026/05/19 21:39:14] hftrainer INFO: train_step: Skipping batch due to: dimension_mismatch
[2026/05/19 21:39:14] hftrainer WARNING: Skipping batch: found motion dims {198, 151} != 151. Batch has mixed dimensions: [198, 151, 151, 151, 151, 151, 151, 151]
[2026/05/19 21:39:14] hftrainer INFO: Creating skip context for batch with B=8, L=360, D=151
[2026/05/19 21:39:14] hftrainer INFO: train_step: Skipping batch due to: dimension_mismatch
[2026/05/19 21:39:14] hftrainer INFO: epoch [1/1000]  step [480/50944]  loss=0.0000  data_time=0.05s  train_time=0.00s  eta=300d 21:16:08
[2026/05/19 21:39:14] hftrainer WARNING: Skipping batch: found motion dims {198, 151} != 151. Batch has mixed dimensions: [151, 198, 151, 151, 151, 151, 151, 198]
[2026/05/19 21:39:14] hftrainer INFO: Creating skip context for batch with B=8, L=360, D=151
[2026/05/19 21:39:14] hftrainer INFO: train_step: Skipping batch due to: dimension_mismatch
[2026/05/19 21:39:14] hftrainer WARNING: Skipping batch: found motion dims {198, 151} != 151. Batch has mixed dimensions: [151, 198, 198, 198, 151, 151, 151, 151]
[2026/05/19 21:39:14] hftrainer INFO: Creating skip context for batch with B=8, L=360, D=151
[2026/05/19 21:39:14] hftrainer INFO: train_step: Skipping batch due to: dimension_mismatch
[2026/05/19 21:39:14] hftrainer WARNING: Skipping batch: found motion dims {198, 151} != 151. Batch has mixed dimensions: [198, 151, 198, 151, 151, 151, 151, 198]
[2026/05/19 21:39:14] hftrainer INFO: Creating skip context for batch with B=8, L=360, D=151
[2026/05/19 21:39:14] hftrainer INFO: train_step: Skipping batch due to: dimension_mismatch
[2026/05/19 21:39:14] hftrainer WARNING: Skipping batch: found motion dims {198, 151} != 151. Batch has mixed dimensions: [151, 151, 151, 198, 151, 198, 151, 151]
[2026/05/19 21:39:14] hftrainer INFO: Creating skip context for batch with B=8, L=360, D=151
[2026/05/19 21:39:14] hftrainer INFO: train_step: Skipping batch due to: dimension_mismatch
[2026/05/19 21:39:14] hftrainer WARNING: Skipping batch: found motion dims {198, 151} != 151. Batch has mixed dimensions: [151, 151, 151, 151, 151, 151, 198, 151]
[2026/05/19 21:39:14] hftrainer INFO: Creating skip context for batch with B=8, L=360, D=151
[2026/05/19 21:39:14] hftrainer INFO: train_step: Skipping batch due to: dimension_mismatch
[2026/05/19 21:39:14] hftrainer WARNING: Skipping batch: found motion dims {198, 151} != 151. Batch has mixed dimensions: [151, 198, 151, 151, 151, 151, 151, 151]
[2026/05/19 21:39:14] hftrainer INFO: Creating skip context for batch with B=8, L=360, D=151
[2026/05/19 21:39:14] hftrainer INFO: train_step: Skipping batch due to: dimension_mismatch
[2026/05/19 21:39:15] hftrainer WARNING: Skipping batch: found motion dims {198, 151} != 151. Batch has mixed dimensions: [151, 151, 151, 151, 151, 151, 198, 151]
[2026/05/19 21:39:15] hftrainer INFO: Creating skip context for batch with B=8, L=360, D=151
[2026/05/19 21:39:15] hftrainer INFO: train_step: Skipping batch due to: dimension_mismatch
[2026/05/19 21:39:16] hftrainer WARNING: Skipping batch: found motion dims {198, 151} != 151. Batch has mixed dimensions: [151, 151, 151, 151, 151, 198, 151, 151]
[2026/05/19 21:39:16] hftrainer INFO: Creating skip context for batch with B=8, L=360, D=151
[2026/05/19 21:39:16] hftrainer INFO: train_step: Skipping batch due to: dimension_mismatch
[2026/05/19 21:39:16] hftrainer WARNING: Skipping batch: found motion dims {198, 151} != 151. Batch has mixed dimensions: [151, 151, 151, 151, 151, 151, 151, 198]
[2026/05/19 21:39:16] hftrainer INFO: Creating skip context for batch with B=8, L=360, D=151
[2026/05/19 21:39:16] hftrainer INFO: train_step: Skipping batch due to: dimension_mismatch
[2026/05/19 21:39:16] hftrainer INFO: epoch [1/1000]  step [490/50944]  loss=0.0000  data_time=0.06s  train_time=0.00s  eta=273d 04:52:53
[2026/05/19 21:39:16] hftrainer WARNING: Skipping batch: found motion dims {198, 151} != 151. Batch has mixed dimensions: [198, 151, 198, 151, 151, 151, 151, 151]
[2026/05/19 21:39:16] hftrainer INFO: Creating skip context for batch with B=8, L=360, D=151
[2026/05/19 21:39:16] hftrainer INFO: train_step: Skipping batch due to: dimension_mismatch
[2026/05/19 21:39:18] hftrainer WARNING: Skipping batch: found motion dims {198, 151} != 151. Batch has mixed dimensions: [151, 151, 151, 198, 151, 151, 151, 151]
[2026/05/19 21:39:18] hftrainer INFO: Creating skip context for batch with B=8, L=360, D=151
[2026/05/19 21:39:18] hftrainer INFO: train_step: Skipping batch due to: dimension_mismatch
[2026/05/19 21:39:18] hftrainer WARNING: Skipping batch: found motion dims {198, 151} != 151. Batch has mixed dimensions: [151, 151, 151, 151, 151, 198, 151, 151]
[2026/05/19 21:39:18] hftrainer INFO: Creating skip context for batch with B=8, L=360, D=151
[2026/05/19 21:39:18] hftrainer INFO: train_step: Skipping batch due to: dimension_mismatch
[2026/05/19 21:39:18] hftrainer WARNING: Skipping batch: found motion dims {198, 151} != 151. Batch has mixed dimensions: [151, 198, 151, 151, 151, 151, 198, 151]
[2026/05/19 21:39:18] hftrainer INFO: Creating skip context for batch with B=8, L=360, D=151
[2026/05/19 21:39:18] hftrainer INFO: train_step: Skipping batch due to: dimension_mismatch
[2026/05/19 21:39:18] hftrainer WARNING: Skipping batch: found motion dims {198, 151} != 151. Batch has mixed dimensions: [198, 151, 151, 198, 151, 151, 151, 151]
[2026/05/19 21:39:18] hftrainer INFO: Creating skip context for batch with B=8, L=360, D=151
[2026/05/19 21:39:18] hftrainer INFO: train_step: Skipping batch due to: dimension_mismatch
[2026/05/19 21:39:18] hftrainer WARNING: Skipping batch: found motion dims {198, 151} != 151. Batch has mixed dimensions: [151, 151, 151, 151, 151, 198, 151, 151]
[2026/05/19 21:39:18] hftrainer INFO: Creating skip context for batch with B=8, L=360, D=151
[2026/05/19 21:39:18] hftrainer INFO: train_step: Skipping batch due to: dimension_mismatch
[2026/05/19 21:39:18] hftrainer WARNING: Skipping batch: found motion dims {198, 151} != 151. Batch has mixed dimensions: [151, 151, 151, 151, 198, 151, 151, 151]
[2026/05/19 21:39:18] hftrainer INFO: Creating skip context for batch with B=8, L=360, D=151
[2026/05/19 21:39:18] hftrainer INFO: train_step: Skipping batch due to: dimension_mismatch
[2026/05/19 21:39:18] hftrainer WARNING: Skipping batch: found motion dims {198, 151} != 151. Batch has mixed dimensions: [151, 151, 151, 198, 151, 151, 151, 198]
[2026/05/19 21:39:18] hftrainer INFO: Creating skip context for batch with B=8, L=360, D=151
[2026/05/19 21:39:18] hftrainer INFO: train_step: Skipping batch due to: dimension_mismatch
[2026/05/19 21:39:18] hftrainer WARNING: Skipping batch: found motion dims {198, 151} != 151. Batch has mixed dimensions: [151, 151, 151, 198, 151, 151, 151, 198]
[2026/05/19 21:39:18] hftrainer INFO: Creating skip context for batch with B=8, L=360, D=151
[2026/05/19 21:39:18] hftrainer INFO: train_step: Skipping batch due to: dimension_mismatch
[2026/05/19 21:39:18] hftrainer INFO: epoch [1/1000]  step [500/50944]  loss=0.0000  data_time=0.04s  train_time=0.00s  eta=255d 11:27:36
[2026/05/19 21:39:18] hftrainer WARNING: Skipping batch: found motion dims {198, 151} != 151. Batch has mixed dimensions: [198, 151, 198, 151, 151, 198, 151, 151]
[2026/05/19 21:39:18] hftrainer INFO: Creating skip context for batch with B=8, L=360, D=151
[2026/05/19 21:39:18] hftrainer INFO: train_step: Skipping batch due to: dimension_mismatch
[2026/05/19 21:39:20] hftrainer WARNING: Skipping batch: found motion dims {198, 151} != 151. Batch has mixed dimensions: [151, 151, 151, 151, 151, 151, 151, 198]
[2026/05/19 21:39:20] hftrainer INFO: Creating skip context for batch with B=8, L=360, D=151
[2026/05/19 21:39:20] hftrainer INFO: train_step: Skipping batch due to: dimension_mismatch
[2026/05/19 21:39:20] hftrainer WARNING: Skipping batch: found motion dims {198, 151} != 151. Batch has mixed dimensions: [151, 151, 151, 151, 198, 151, 151, 151]
[2026/05/19 21:39:20] hftrainer INFO: Creating skip context for batch with B=8, L=360, D=151
[2026/05/19 21:39:20] hftrainer INFO: train_step: Skipping batch due to: dimension_mismatch
[2026/05/19 21:39:20] hftrainer WARNING: Skipping batch: found motion dims {198, 151} != 151. Batch has mixed dimensions: [151, 151, 151, 151, 151, 151, 151, 198]
[2026/05/19 21:39:20] hftrainer INFO: Creating skip context for batch with B=8, L=360, D=151
[2026/05/19 21:39:20] hftrainer INFO: train_step: Skipping batch due to: dimension_mismatch
[2026/05/19 21:39:25] hftrainer WARNING: Skipping batch: found motion dims {198, 151} != 151. Batch has mixed dimensions: [151, 151, 198, 151, 151, 151, 151, 151]
[2026/05/19 21:39:25] hftrainer INFO: Creating skip context for batch with B=8, L=360, D=151
[2026/05/19 21:39:25] hftrainer INFO: train_step: Skipping batch due to: dimension_mismatch
[2026/05/19 21:39:25] hftrainer WARNING: Skipping batch: found motion dims {198, 151} != 151. Batch has mixed dimensions: [151, 151, 198, 151, 151, 151, 151, 151]
[2026/05/19 21:39:25] hftrainer INFO: Creating skip context for batch with B=8, L=360, D=151
[2026/05/19 21:39:25] hftrainer INFO: train_step: Skipping batch due to: dimension_mismatch
[2026/05/19 21:39:25] hftrainer INFO: epoch [1/1000]  step [510/50944]  loss=0.0000  data_time=0.04s  train_time=0.01s  eta=281d 12:58:21
[2026/05/19 21:39:25] hftrainer WARNING: Skipping batch: found motion dims {198, 151} != 151. Batch has mixed dimensions: [151, 151, 198, 151, 151, 151, 151, 151]
[2026/05/19 21:39:25] hftrainer INFO: Creating skip context for batch with B=8, L=360, D=151
[2026/05/19 21:39:25] hftrainer INFO: train_step: Skipping batch due to: dimension_mismatch
[2026/05/19 21:39:27] hftrainer WARNING: Skipping batch: found motion dims {198, 151} != 151. Batch has mixed dimensions: [151, 151, 151, 198, 151, 151, 151, 151]
[2026/05/19 21:39:27] hftrainer INFO: Creating skip context for batch with B=8, L=360, D=151
[2026/05/19 21:39:27] hftrainer INFO: train_step: Skipping batch due to: dimension_mismatch
[2026/05/19 21:39:28] hftrainer WARNING: Skipping batch: found motion dims {198, 151} != 151. Batch has mixed dimensions: [151, 151, 151, 198, 151, 151, 151, 151]
[2026/05/19 21:39:28] hftrainer INFO: Creating skip context for batch with B=8, L=360, D=151
[2026/05/19 21:39:28] hftrainer INFO: train_step: Skipping batch due to: dimension_mismatch
[2026/05/19 21:39:28] hftrainer WARNING: Skipping batch: found motion dims {198, 151} != 151. Batch has mixed dimensions: [151, 151, 151, 198, 151, 151, 151, 151]
[2026/05/19 21:39:28] hftrainer INFO: Creating skip context for batch with B=8, L=360, D=151
[2026/05/19 21:39:28] hftrainer INFO: train_step: Skipping batch due to: dimension_mismatch
[2026/05/19 21:39:28] hftrainer WARNING: Skipping batch: found motion dims {198, 151} != 151. Batch has mixed dimensions: [198, 151, 151, 151, 151, 151, 151, 198]
[2026/05/19 21:39:28] hftrainer INFO: Creating skip context for batch with B=8, L=360, D=151
[2026/05/19 21:39:28] hftrainer INFO: train_step: Skipping batch due to: dimension_mismatch
[2026/05/19 21:39:28] hftrainer WARNING: Skipping batch: found motion dims {198, 151} != 151. Batch has mixed dimensions: [198, 151, 151, 151, 151, 151, 151, 151]
[2026/05/19 21:39:28] hftrainer INFO: Creating skip context for batch with B=8, L=360, D=151
[2026/05/19 21:39:28] hftrainer INFO: train_step: Skipping batch due to: dimension_mismatch
[2026/05/19 21:39:28] hftrainer WARNING: Skipping batch: found motion dims {198, 151} != 151. Batch has mixed dimensions: [151, 198, 151, 151, 198, 151, 151, 151]
[2026/05/19 21:39:28] hftrainer INFO: Creating skip context for batch with B=8, L=360, D=151
[2026/05/19 21:39:28] hftrainer INFO: train_step: Skipping batch due to: dimension_mismatch
[2026/05/19 21:39:30] hftrainer INFO: epoch [1/1000]  step [520/50944]  loss=0.9628  loss_velocity=0.7857  loss_x1=0.0000  loss_smoothness=0.1772  data_time=0.04s  train_time=1.18s  eta=270d 12:45:12
[2026/05/19 21:39:32] hftrainer WARNING: Skipping batch: found motion dims {198, 151} != 151. Batch has mixed dimensions: [151, 151, 151, 151, 151, 198, 151, 151]
[2026/05/19 21:39:32] hftrainer INFO: Creating skip context for batch with B=8, L=360, D=151
[2026/05/19 21:39:32] hftrainer INFO: train_step: Skipping batch due to: dimension_mismatch
[2026/05/19 21:39:32] hftrainer WARNING: Skipping batch: found motion dims {198, 151} != 151. Batch has mixed dimensions: [151, 151, 151, 198, 151, 151, 151, 151]
[2026/05/19 21:39:32] hftrainer INFO: Creating skip context for batch with B=8, L=360, D=151
[2026/05/19 21:39:32] hftrainer INFO: train_step: Skipping batch due to: dimension_mismatch
[2026/05/19 21:39:32] hftrainer WARNING: Skipping batch: found motion dims {198, 151} != 151. Batch has mixed dimensions: [151, 151, 151, 151, 198, 198, 151, 151]
[2026/05/19 21:39:32] hftrainer INFO: Creating skip context for batch with B=8, L=360, D=151
[2026/05/19 21:39:32] hftrainer INFO: train_step: Skipping batch due to: dimension_mismatch
[2026/05/19 21:39:33] hftrainer WARNING: Skipping batch: found motion dims {198, 151} != 151. Batch has mixed dimensions: [198, 151, 151, 151, 198, 198, 151, 198]
[2026/05/19 21:39:33] hftrainer INFO: Creating skip context for batch with B=8, L=360, D=151
[2026/05/19 21:39:33] hftrainer INFO: train_step: Skipping batch due to: dimension_mismatch
[2026/05/19 21:39:36] hftrainer WARNING: Skipping batch: found motion dims {198, 151} != 151. Batch has mixed dimensions: [151, 151, 151, 151, 198, 151, 198, 151]
[2026/05/19 21:39:36] hftrainer INFO: Creating skip context for batch with B=8, L=360, D=151
[2026/05/19 21:39:36] hftrainer INFO: train_step: Skipping batch due to: dimension_mismatch
[2026/05/19 21:39:37] hftrainer WARNING: Skipping batch: found motion dims {198, 151} != 151. Batch has mixed dimensions: [151, 151, 198, 151, 151, 151, 151, 151]
[2026/05/19 21:39:37] hftrainer INFO: Creating skip context for batch with B=8, L=360, D=151
[2026/05/19 21:39:37] hftrainer INFO: train_step: Skipping batch due to: dimension_mismatch
[2026/05/19 21:39:37] hftrainer INFO: epoch [1/1000]  step [530/50944]  loss=0.0000  data_time=0.05s  train_time=0.00s  eta=296d 04:50:54
[2026/05/19 21:39:37] hftrainer WARNING: Skipping batch: found motion dims {198, 151} != 151. Batch has mixed dimensions: [151, 151, 151, 151, 151, 151, 198, 151]
[2026/05/19 21:39:37] hftrainer INFO: Creating skip context for batch with B=8, L=360, D=151
[2026/05/19 21:39:37] hftrainer INFO: train_step: Skipping batch due to: dimension_mismatch
[2026/05/19 21:39:37] hftrainer WARNING: Skipping batch: found motion dims {198, 151} != 151. Batch has mixed dimensions: [151, 151, 151, 198, 151, 151, 151, 198]
[2026/05/19 21:39:37] hftrainer INFO: Creating skip context for batch with B=8, L=360, D=151
[2026/05/19 21:39:37] hftrainer INFO: train_step: Skipping batch due to: dimension_mismatch
[2026/05/19 21:39:37] hftrainer WARNING: Skipping batch: found motion dims {198, 151} != 151. Batch has mixed dimensions: [151, 151, 151, 151, 151, 151, 198, 151]
[2026/05/19 21:39:37] hftrainer INFO: Creating skip context for batch with B=8, L=360, D=151
[2026/05/19 21:39:37] hftrainer INFO: train_step: Skipping batch due to: dimension_mismatch
[2026/05/19 21:39:37] hftrainer WARNING: Skipping batch: found motion dims {198, 151} != 151. Batch has mixed dimensions: [151, 151, 198, 198, 151, 151, 151, 151]
[2026/05/19 21:39:37] hftrainer INFO: Creating skip context for batch with B=8, L=360, D=151
[2026/05/19 21:39:37] hftrainer INFO: train_step: Skipping batch due to: dimension_mismatch
[2026/05/19 21:39:37] hftrainer WARNING: Skipping batch: found motion dims {198, 151} != 151. Batch has mixed dimensions: [151, 151, 151, 151, 151, 151, 198, 151]
[2026/05/19 21:39:37] hftrainer INFO: Creating skip context for batch with B=8, L=360, D=151
[2026/05/19 21:39:37] hftrainer INFO: train_step: Skipping batch due to: dimension_mismatch
[2026/05/19 21:39:37] hftrainer WARNING: Skipping batch: found motion dims {198, 151} != 151. Batch has mixed dimensions: [198, 151, 198, 151, 151, 151, 151, 151]
[2026/05/19 21:39:37] hftrainer INFO: Creating skip context for batch with B=8, L=360, D=151
[2026/05/19 21:39:37] hftrainer INFO: train_step: Skipping batch due to: dimension_mismatch
[2026/05/19 21:39:39] hftrainer WARNING: Skipping batch: found motion dims {198, 151} != 151. Batch has mixed dimensions: [198, 198, 198, 151, 151, 151, 151, 151]
[2026/05/19 21:39:39] hftrainer INFO: Creating skip context for batch with B=8, L=360, D=151
[2026/05/19 21:39:39] hftrainer INFO: train_step: Skipping batch due to: dimension_mismatch
[2026/05/19 21:39:39] hftrainer WARNING: Skipping batch: found motion dims {198, 151} != 151. Batch has mixed dimensions: [198, 151, 151, 151, 151, 151, 151, 151]
[2026/05/19 21:39:39] hftrainer INFO: Creating skip context for batch with B=8, L=360, D=151
[2026/05/19 21:39:39] hftrainer INFO: train_step: Skipping batch due to: dimension_mismatch
[2026/05/19 21:39:39] hftrainer WARNING: Skipping batch: found motion dims {198, 151} != 151. Batch has mixed dimensions: [151, 151, 151, 151, 198, 151, 151, 151]
[2026/05/19 21:39:39] hftrainer INFO: Creating skip context for batch with B=8, L=360, D=151
[2026/05/19 21:39:39] hftrainer INFO: train_step: Skipping batch due to: dimension_mismatch
[2026/05/19 21:39:39] hftrainer INFO: epoch [1/1000]  step [540/50944]  loss=0.0000  data_time=0.04s  train_time=0.00s  eta=270d 19:12:22
[2026/05/19 21:39:41] hftrainer WARNING: Skipping batch: found motion dims {198, 151} != 151. Batch has mixed dimensions: [151, 151, 151, 151, 151, 151, 198, 151]
[2026/05/19 21:39:41] hftrainer INFO: Creating skip context for batch with B=8, L=360, D=151
[2026/05/19 21:39:41] hftrainer INFO: train_step: Skipping batch due to: dimension_mismatch
[2026/05/19 21:39:41] hftrainer WARNING: Skipping batch: found motion dims {198, 151} != 151. Batch has mixed dimensions: [198, 151, 151, 151, 151, 198, 151, 151]
[2026/05/19 21:39:41] hftrainer INFO: Creating skip context for batch with B=8, L=360, D=151
[2026/05/19 21:39:41] hftrainer INFO: train_step: Skipping batch due to: dimension_mismatch
[2026/05/19 21:39:42] hftrainer WARNING: Skipping batch: found motion dims {198, 151} != 151. Batch has mixed dimensions: [151, 151, 151, 151, 198, 151, 151, 151]
[2026/05/19 21:39:42] hftrainer INFO: Creating skip context for batch with B=8, L=360, D=151
[2026/05/19 21:39:42] hftrainer INFO: train_step: Skipping batch due to: dimension_mismatch
[2026/05/19 21:39:42] hftrainer WARNING: Skipping batch: found motion dims {198, 151} != 151. Batch has mixed dimensions: [151, 151, 151, 151, 151, 151, 151, 198]
[2026/05/19 21:39:42] hftrainer INFO: Creating skip context for batch with B=8, L=360, D=151
[2026/05/19 21:39:42] hftrainer INFO: train_step: Skipping batch due to: dimension_mismatch
[2026/05/19 21:39:42] hftrainer WARNING: Skipping batch: found motion dims {198, 151} != 151. Batch has mixed dimensions: [151, 151, 151, 151, 198, 151, 151, 151]
[2026/05/19 21:39:42] hftrainer INFO: Creating skip context for batch with B=8, L=360, D=151
[2026/05/19 21:39:42] hftrainer INFO: train_step: Skipping batch due to: dimension_mismatch
[2026/05/19 21:39:42] hftrainer WARNING: Skipping batch: found motion dims {198, 151} != 151. Batch has mixed dimensions: [151, 151, 151, 151, 198, 151, 151, 151]
[2026/05/19 21:39:42] hftrainer INFO: Creating skip context for batch with B=8, L=360, D=151
[2026/05/19 21:39:42] hftrainer INFO: train_step: Skipping batch due to: dimension_mismatch
[2026/05/19 21:39:46] hftrainer INFO: epoch [1/1000]  step [550/50944]  loss=0.9386  loss_velocity=0.7742  loss_x1=0.0000  loss_smoothness=0.1644  data_time=0.40s  train_time=1.17s  eta=294d 18:00:08
[2026/05/19 21:39:46] hftrainer WARNING: Skipping batch: found motion dims {198, 151} != 151. Batch has mixed dimensions: [198, 151, 198, 198, 151, 151, 151, 151]
[2026/05/19 21:39:46] hftrainer INFO: Creating skip context for batch with B=8, L=360, D=151
[2026/05/19 21:39:46] hftrainer INFO: train_step: Skipping batch due to: dimension_mismatch
[2026/05/19 21:39:46] hftrainer WARNING: Skipping batch: found motion dims {198, 151} != 151. Batch has mixed dimensions: [151, 151, 198, 151, 151, 151, 151, 151]
[2026/05/19 21:39:46] hftrainer INFO: Creating skip context for batch with B=8, L=360, D=151
[2026/05/19 21:39:46] hftrainer INFO: train_step: Skipping batch due to: dimension_mismatch
[2026/05/19 21:39:46] hftrainer WARNING: Skipping batch: found motion dims {198, 151} != 151. Batch has mixed dimensions: [151, 151, 151, 198, 151, 151, 151, 151]
[2026/05/19 21:39:46] hftrainer INFO: Creating skip context for batch with B=8, L=360, D=151
[2026/05/19 21:39:46] hftrainer INFO: train_step: Skipping batch due to: dimension_mismatch
[2026/05/19 21:39:46] hftrainer WARNING: Skipping batch: found motion dims {198, 151} != 151. Batch has mixed dimensions: [151, 151, 151, 151, 151, 151, 151, 198]
[2026/05/19 21:39:46] hftrainer INFO: Creating skip context for batch with B=8, L=360, D=151
[2026/05/19 21:39:46] hftrainer INFO: train_step: Skipping batch due to: dimension_mismatch
[2026/05/19 21:39:46] hftrainer WARNING: Skipping batch: found motion dims {198, 151} != 151. Batch has mixed dimensions: [151, 151, 151, 151, 151, 151, 198, 151]
[2026/05/19 21:39:46] hftrainer INFO: Creating skip context for batch with B=8, L=360, D=151
[2026/05/19 21:39:46] hftrainer INFO: train_step: Skipping batch due to: dimension_mismatch
[2026/05/19 21:39:46] hftrainer WARNING: Skipping batch: found motion dims {198, 151} != 151. Batch has mixed dimensions: [151, 151, 198, 198, 198, 151, 198, 151]
[2026/05/19 21:39:46] hftrainer INFO: Creating skip context for batch with B=8, L=360, D=151
[2026/05/19 21:39:46] hftrainer INFO: train_step: Skipping batch due to: dimension_mismatch
[2026/05/19 21:39:46] hftrainer WARNING: Skipping batch: found motion dims {198, 151} != 151. Batch has mixed dimensions: [198, 198, 151, 151, 151, 151, 151, 151]
[2026/05/19 21:39:46] hftrainer INFO: Creating skip context for batch with B=8, L=360, D=151
[2026/05/19 21:39:46] hftrainer INFO: train_step: Skipping batch due to: dimension_mismatch
[2026/05/19 21:39:48] hftrainer WARNING: Skipping batch: found motion dims {198, 151} != 151. Batch has mixed dimensions: [151, 151, 151, 198, 151, 198, 151, 151]
[2026/05/19 21:39:48] hftrainer INFO: Creating skip context for batch with B=8, L=360, D=151
[2026/05/19 21:39:48] hftrainer INFO: train_step: Skipping batch due to: dimension_mismatch
[2026/05/19 21:39:49] hftrainer INFO: epoch [1/1000]  step [560/50944]  loss=0.8670  loss_velocity=0.8055  loss_x1=0.0000  loss_smoothness=0.0615  data_time=0.05s  train_time=1.16s  eta=279d 17:10:10
[2026/05/19 21:39:52] hftrainer WARNING: Skipping batch: found motion dims {198, 151} != 151. Batch has mixed dimensions: [198, 198, 151, 151, 198, 151, 151, 151]
[2026/05/19 21:39:52] hftrainer INFO: Creating skip context for batch with B=8, L=360, D=151
[2026/05/19 21:39:52] hftrainer INFO: train_step: Skipping batch due to: dimension_mismatch
[2026/05/19 21:39:54] hftrainer WARNING: Skipping batch: found motion dims {198, 151} != 151. Batch has mixed dimensions: [151, 151, 151, 151, 198, 151, 151, 151]
[2026/05/19 21:39:54] hftrainer INFO: Creating skip context for batch with B=8, L=360, D=151
[2026/05/19 21:39:54] hftrainer INFO: train_step: Skipping batch due to: dimension_mismatch
[2026/05/19 21:39:54] hftrainer WARNING: Skipping batch: found motion dims {198, 151} != 151. Batch has mixed dimensions: [198, 151, 151, 151, 151, 151, 151, 151]
[2026/05/19 21:39:54] hftrainer INFO: Creating skip context for batch with B=8, L=360, D=151
[2026/05/19 21:39:54] hftrainer INFO: train_step: Skipping batch due to: dimension_mismatch
[2026/05/19 21:39:54] hftrainer WARNING: Skipping batch: found motion dims {198, 151} != 151. Batch has mixed dimensions: [151, 151, 198, 151, 151, 151, 151, 151]
[2026/05/19 21:39:54] hftrainer INFO: Creating skip context for batch with B=8, L=360, D=151
[2026/05/19 21:39:54] hftrainer INFO: train_step: Skipping batch due to: dimension_mismatch
[2026/05/19 21:39:54] hftrainer WARNING: Skipping batch: found motion dims {198, 151} != 151. Batch has mixed dimensions: [151, 151, 151, 151, 151, 198, 151, 151]
[2026/05/19 21:39:54] hftrainer INFO: Creating skip context for batch with B=8, L=360, D=151
[2026/05/19 21:39:54] hftrainer INFO: train_step: Skipping batch due to: dimension_mismatch
[2026/05/19 21:39:56] hftrainer WARNING: Skipping batch: found motion dims {198, 151} != 151. Batch has mixed dimensions: [151, 151, 151, 151, 151, 151, 198, 151]
[2026/05/19 21:39:56] hftrainer INFO: Creating skip context for batch with B=8, L=360, D=151
[2026/05/19 21:39:56] hftrainer INFO: train_step: Skipping batch due to: dimension_mismatch
[2026/05/19 21:39:56] hftrainer INFO: epoch [1/1000]  step [570/50944]  loss=0.0000  data_time=0.40s  train_time=0.01s  eta=275d 23:35:02
[2026/05/19 21:39:56] hftrainer WARNING: Skipping batch: found motion dims {198, 151} != 151. Batch has mixed dimensions: [151, 151, 151, 151, 198, 151, 151, 151]
[2026/05/19 21:39:56] hftrainer INFO: Creating skip context for batch with B=8, L=360, D=151
[2026/05/19 21:39:56] hftrainer INFO: train_step: Skipping batch due to: dimension_mismatch
[2026/05/19 21:39:56] hftrainer WARNING: Skipping batch: found motion dims {198, 151} != 151. Batch has mixed dimensions: [151, 198, 151, 198, 151, 151, 151, 151]
[2026/05/19 21:39:56] hftrainer INFO: Creating skip context for batch with B=8, L=360, D=151
[2026/05/19 21:39:56] hftrainer INFO: train_step: Skipping batch due to: dimension_mismatch
[2026/05/19 21:39:56] hftrainer WARNING: Skipping batch: found motion dims {198, 151} != 151. Batch has mixed dimensions: [151, 151, 151, 198, 151, 151, 151, 151]
[2026/05/19 21:39:56] hftrainer INFO: Creating skip context for batch with B=8, L=360, D=151
[2026/05/19 21:39:56] hftrainer INFO: train_step: Skipping batch due to: dimension_mismatch
[2026/05/19 21:39:56] hftrainer WARNING: Skipping batch: found motion dims {198, 151} != 151. Batch has mixed dimensions: [151, 151, 151, 198, 151, 151, 198, 151]
[2026/05/19 21:39:56] hftrainer INFO: Creating skip context for batch with B=8, L=360, D=151
[2026/05/19 21:39:56] hftrainer INFO: train_step: Skipping batch due to: dimension_mismatch
[2026/05/19 21:39:56] hftrainer WARNING: Skipping batch: found motion dims {198, 151} != 151. Batch has mixed dimensions: [198, 151, 151, 151, 151, 151, 151, 151]
[2026/05/19 21:39:56] hftrainer INFO: Creating skip context for batch with B=8, L=360, D=151
[2026/05/19 21:39:56] hftrainer INFO: train_step: Skipping batch due to: dimension_mismatch
[2026/05/19 21:39:56] hftrainer WARNING: Skipping batch: found motion dims {198, 151} != 151. Batch has mixed dimensions: [151, 151, 151, 151, 198, 151, 151, 151]
[2026/05/19 21:39:56] hftrainer INFO: Creating skip context for batch with B=8, L=360, D=151
[2026/05/19 21:39:56] hftrainer INFO: train_step: Skipping batch due to: dimension_mismatch
[2026/05/19 21:39:56] hftrainer WARNING: Skipping batch: found motion dims {198, 151} != 151. Batch has mixed dimensions: [198, 198, 151, 151, 151, 198, 198, 151]
[2026/05/19 21:39:56] hftrainer INFO: Creating skip context for batch with B=8, L=360, D=151
[2026/05/19 21:39:56] hftrainer INFO: train_step: Skipping batch due to: dimension_mismatch
[2026/05/19 21:39:56] hftrainer WARNING: Skipping batch: found motion dims {198, 151} != 151. Batch has mixed dimensions: [151, 151, 151, 198, 151, 151, 151, 151]
[2026/05/19 21:39:56] hftrainer INFO: Creating skip context for batch with B=8, L=360, D=151
[2026/05/19 21:39:56] hftrainer INFO: train_step: Skipping batch due to: dimension_mismatch
[2026/05/19 21:39:57] hftrainer WARNING: Skipping batch: found motion dims {198, 151} != 151. Batch has mixed dimensions: [151, 151, 198, 151, 151, 198, 151, 198]
[2026/05/19 21:39:57] hftrainer INFO: Creating skip context for batch with B=8, L=360, D=151
[2026/05/19 21:39:57] hftrainer INFO: train_step: Skipping batch due to: dimension_mismatch
[2026/05/19 21:39:57] hftrainer WARNING: Skipping batch: found motion dims {198, 151} != 151. Batch has mixed dimensions: [151, 198, 151, 151, 151, 151, 151, 198]
[2026/05/19 21:39:57] hftrainer INFO: Creating skip context for batch with B=8, L=360, D=151
[2026/05/19 21:39:57] hftrainer INFO: train_step: Skipping batch due to: dimension_mismatch
[2026/05/19 21:39:57] hftrainer INFO: epoch [1/1000]  step [580/50944]  loss=0.0000  data_time=0.04s  train_time=0.00s  eta=254d 03:06:04
[2026/05/19 21:39:59] hftrainer WARNING: Skipping batch: found motion dims {198, 151} != 151. Batch has mixed dimensions: [198, 151, 151, 151, 151, 151, 151, 198]
[2026/05/19 21:39:59] hftrainer INFO: Creating skip context for batch with B=8, L=360, D=151
[2026/05/19 21:39:59] hftrainer INFO: train_step: Skipping batch due to: dimension_mismatch
[2026/05/19 21:40:03] hftrainer WARNING: Skipping batch: found motion dims {198, 151} != 151. Batch has mixed dimensions: [151, 151, 151, 198, 151, 198, 151, 198]
[2026/05/19 21:40:03] hftrainer INFO: Creating skip context for batch with B=8, L=360, D=151
[2026/05/19 21:40:03] hftrainer INFO: train_step: Skipping batch due to: dimension_mismatch
[2026/05/19 21:40:03] hftrainer WARNING: Skipping batch: found motion dims {198, 151} != 151. Batch has mixed dimensions: [151, 151, 151, 198, 151, 151, 151, 198]
[2026/05/19 21:40:03] hftrainer INFO: Creating skip context for batch with B=8, L=360, D=151
[2026/05/19 21:40:03] hftrainer INFO: train_step: Skipping batch due to: dimension_mismatch
[2026/05/19 21:40:03] hftrainer WARNING: Skipping batch: found motion dims {198, 151} != 151. Batch has mixed dimensions: [151, 151, 198, 151, 151, 151, 198, 151]
[2026/05/19 21:40:03] hftrainer INFO: Creating skip context for batch with B=8, L=360, D=151
[2026/05/19 21:40:03] hftrainer INFO: train_step: Skipping batch due to: dimension_mismatch
[2026/05/19 21:40:04] hftrainer WARNING: Skipping batch: found motion dims {198, 151} != 151. Batch has mixed dimensions: [151, 151, 151, 198, 151, 151, 151, 151]
[2026/05/19 21:40:04] hftrainer INFO: Creating skip context for batch with B=8, L=360, D=151
[2026/05/19 21:40:04] hftrainer INFO: train_step: Skipping batch due to: dimension_mismatch
[2026/05/19 21:40:04] hftrainer WARNING: Skipping batch: found motion dims {198, 151} != 151. Batch has mixed dimensions: [151, 151, 198, 151, 151, 151, 198, 151]
[2026/05/19 21:40:04] hftrainer INFO: Creating skip context for batch with B=8, L=360, D=151
[2026/05/19 21:40:04] hftrainer INFO: train_step: Skipping batch due to: dimension_mismatch
[2026/05/19 21:40:04] hftrainer INFO: epoch [1/1000]  step [590/50944]  loss=0.0000  data_time=0.16s  train_time=0.00s  eta=279d 22:57:14
[2026/05/19 21:40:04] hftrainer WARNING: Skipping batch: found motion dims {198, 151} != 151. Batch has mixed dimensions: [151, 151, 151, 151, 151, 151, 198, 151]
[2026/05/19 21:40:04] hftrainer INFO: Creating skip context for batch with B=8, L=360, D=151
[2026/05/19 21:40:04] hftrainer INFO: train_step: Skipping batch due to: dimension_mismatch
[2026/05/19 21:40:04] hftrainer WARNING: Skipping batch: found motion dims {198, 151} != 151. Batch has mixed dimensions: [151, 151, 151, 198, 151, 151, 151, 151]
[2026/05/19 21:40:04] hftrainer INFO: Creating skip context for batch with B=8, L=360, D=151
[2026/05/19 21:40:04] hftrainer INFO: train_step: Skipping batch due to: dimension_mismatch
[2026/05/19 21:40:04] hftrainer WARNING: Skipping batch: found motion dims {198, 151} != 151. Batch has mixed dimensions: [198, 151, 151, 151, 151, 151, 151, 151]
[2026/05/19 21:40:04] hftrainer INFO: Creating skip context for batch with B=8, L=360, D=151
[2026/05/19 21:40:04] hftrainer INFO: train_step: Skipping batch due to: dimension_mismatch
[2026/05/19 21:40:04] hftrainer WARNING: Skipping batch: found motion dims {198, 151} != 151. Batch has mixed dimensions: [151, 151, 151, 151, 151, 198, 151, 151]
[2026/05/19 21:40:04] hftrainer INFO: Creating skip context for batch with B=8, L=360, D=151
[2026/05/19 21:40:04] hftrainer INFO: train_step: Skipping batch due to: dimension_mismatch
[2026/05/19 21:40:04] hftrainer WARNING: Skipping batch: found motion dims {198, 151} != 151. Batch has mixed dimensions: [151, 151, 151, 151, 198, 151, 151, 198]
[2026/05/19 21:40:04] hftrainer INFO: Creating skip context for batch with B=8, L=360, D=151
[2026/05/19 21:40:04] hftrainer INFO: train_step: Skipping batch due to: dimension_mismatch
[2026/05/19 21:40:04] hftrainer WARNING: Skipping batch: found motion dims {198, 151} != 151. Batch has mixed dimensions: [151, 151, 198, 151, 151, 151, 151, 151]
[2026/05/19 21:40:04] hftrainer INFO: Creating skip context for batch with B=8, L=360, D=151
[2026/05/19 21:40:04] hftrainer INFO: train_step: Skipping batch due to: dimension_mismatch
[2026/05/19 21:40:04] hftrainer WARNING: Skipping batch: found motion dims {198, 151} != 151. Batch has mixed dimensions: [151, 151, 151, 198, 198, 151, 151, 151]
[2026/05/19 21:40:04] hftrainer INFO: Creating skip context for batch with B=8, L=360, D=151
[2026/05/19 21:40:04] hftrainer INFO: train_step: Skipping batch due to: dimension_mismatch
[2026/05/19 21:40:04] hftrainer WARNING: Skipping batch: found motion dims {198, 151} != 151. Batch has mixed dimensions: [151, 151, 151, 151, 198, 151, 151, 151]
[2026/05/19 21:40:04] hftrainer INFO: Creating skip context for batch with B=8, L=360, D=151
[2026/05/19 21:40:04] hftrainer INFO: train_step: Skipping batch due to: dimension_mismatch
[2026/05/19 21:40:04] hftrainer WARNING: Skipping batch: found motion dims {198, 151} != 151. Batch has mixed dimensions: [151, 151, 198, 151, 151, 151, 151, 151]
[2026/05/19 21:40:04] hftrainer INFO: Creating skip context for batch with B=8, L=360, D=151
[2026/05/19 21:40:04] hftrainer INFO: train_step: Skipping batch due to: dimension_mismatch
[2026/05/19 21:40:05] hftrainer WARNING: Skipping batch: found motion dims {198, 151} != 151. Batch has mixed dimensions: [151, 151, 198, 151, 151, 151, 198, 151]
[2026/05/19 21:40:05] hftrainer INFO: Creating skip context for batch with B=8, L=360, D=151
[2026/05/19 21:40:05] hftrainer INFO: train_step: Skipping batch due to: dimension_mismatch
[2026/05/19 21:40:05] hftrainer INFO: epoch [1/1000]  step [600/50944]  loss=0.0000  data_time=0.20s  train_time=0.00s  eta=273d 15:35:59
[2026/05/19 21:40:05] hftrainer WARNING: Skipping batch: found motion dims {198, 151} != 151. Batch has mixed dimensions: [151, 198, 151, 151, 151, 151, 198, 151]
[2026/05/19 21:40:05] hftrainer INFO: Creating skip context for batch with B=8, L=360, D=151
[2026/05/19 21:40:05] hftrainer INFO: train_step: Skipping batch due to: dimension_mismatch
[2026/05/19 21:40:05] hftrainer WARNING: Skipping batch: found motion dims {198, 151} != 151. Batch has mixed dimensions: [151, 151, 151, 151, 198, 151, 151, 198]
[2026/05/19 21:40:05] hftrainer INFO: Creating skip context for batch with B=8, L=360, D=151
[2026/05/19 21:40:05] hftrainer INFO: train_step: Skipping batch due to: dimension_mismatch
[2026/05/19 21:40:05] hftrainer WARNING: Skipping batch: found motion dims {198, 151} != 151. Batch has mixed dimensions: [151, 151, 151, 151, 198, 151, 151, 151]
[2026/05/19 21:40:05] hftrainer INFO: Creating skip context for batch with B=8, L=360, D=151
[2026/05/19 21:40:05] hftrainer INFO: train_step: Skipping batch due to: dimension_mismatch
[2026/05/19 21:40:05] hftrainer WARNING: Skipping batch: found motion dims {198, 151} != 151. Batch has mixed dimensions: [151, 151, 198, 198, 151, 151, 151, 151]
[2026/05/19 21:40:05] hftrainer INFO: Creating skip context for batch with B=8, L=360, D=151
[2026/05/19 21:40:05] hftrainer INFO: train_step: Skipping batch due to: dimension_mismatch
[2026/05/19 21:40:05] hftrainer WARNING: Skipping batch: found motion dims {198, 151} != 151. Batch has mixed dimensions: [151, 151, 151, 151, 151, 151, 198, 151]
[2026/05/19 21:40:05] hftrainer INFO: Creating skip context for batch with B=8, L=360, D=151
[2026/05/19 21:40:05] hftrainer INFO: train_step: Skipping batch due to: dimension_mismatch
[2026/05/19 21:40:05] hftrainer WARNING: Skipping batch: found motion dims {198, 151} != 151. Batch has mixed dimensions: [198, 151, 151, 151, 198, 151, 151, 151]
[2026/05/19 21:40:05] hftrainer INFO: Creating skip context for batch with B=8, L=360, D=151
[2026/05/19 21:40:05] hftrainer INFO: train_step: Skipping batch due to: dimension_mismatch
[2026/05/19 21:40:07] hftrainer WARNING: Skipping batch: found motion dims {198, 151} != 151. Batch has mixed dimensions: [198, 151, 151, 198, 151, 151, 151, 151]
[2026/05/19 21:40:07] hftrainer INFO: Creating skip context for batch with B=8, L=360, D=151
[2026/05/19 21:40:07] hftrainer INFO: train_step: Skipping batch due to: dimension_mismatch
[2026/05/19 21:40:09] hftrainer WARNING: Skipping batch: found motion dims {198, 151} != 151. Batch has mixed dimensions: [151, 151, 151, 151, 151, 151, 198, 151]
[2026/05/19 21:40:09] hftrainer INFO: Creating skip context for batch with B=8, L=360, D=151
[2026/05/19 21:40:09] hftrainer INFO: train_step: Skipping batch due to: dimension_mismatch
[2026/05/19 21:40:09] hftrainer INFO: epoch [1/1000]  step [610/50944]  loss=0.0000  data_time=0.39s  train_time=0.01s  eta=257d 12:41:08
[2026/05/19 21:40:09] hftrainer WARNING: Skipping batch: found motion dims {198, 151} != 151. Batch has mixed dimensions: [151, 151, 151, 151, 151, 151, 198, 151]
[2026/05/19 21:40:09] hftrainer INFO: Creating skip context for batch with B=8, L=360, D=151
[2026/05/19 21:40:09] hftrainer INFO: train_step: Skipping batch due to: dimension_mismatch
[2026/05/19 21:40:09] hftrainer WARNING: Skipping batch: found motion dims {198, 151} != 151. Batch has mixed dimensions: [151, 198, 151, 151, 198, 151, 151, 151]
[2026/05/19 21:40:09] hftrainer INFO: Creating skip context for batch with B=8, L=360, D=151
[2026/05/19 21:40:09] hftrainer INFO: train_step: Skipping batch due to: dimension_mismatch
[2026/05/19 21:40:09] hftrainer WARNING: Skipping batch: found motion dims {198, 151} != 151. Batch has mixed dimensions: [151, 151, 151, 198, 151, 198, 151, 151]
[2026/05/19 21:40:09] hftrainer INFO: Creating skip context for batch with B=8, L=360, D=151
[2026/05/19 21:40:09] hftrainer INFO: train_step: Skipping batch due to: dimension_mismatch
[2026/05/19 21:40:10] hftrainer WARNING: Skipping batch: found motion dims {198, 151} != 151. Batch has mixed dimensions: [151, 151, 198, 198, 151, 151, 151, 151]
[2026/05/19 21:40:10] hftrainer INFO: Creating skip context for batch with B=8, L=360, D=151
[2026/05/19 21:40:10] hftrainer INFO: train_step: Skipping batch due to: dimension_mismatch
[2026/05/19 21:40:10] hftrainer WARNING: Skipping batch: found motion dims {198, 151} != 151. Batch has mixed dimensions: [198, 151, 198, 198, 151, 151, 151, 151]
[2026/05/19 21:40:10] hftrainer INFO: Creating skip context for batch with B=8, L=360, D=151
[2026/05/19 21:40:10] hftrainer INFO: train_step: Skipping batch due to: dimension_mismatch
[2026/05/19 21:40:12] hftrainer WARNING: Skipping batch: found motion dims {198, 151} != 151. Batch has mixed dimensions: [198, 151, 151, 151, 151, 151, 151, 151]
[2026/05/19 21:40:12] hftrainer INFO: Creating skip context for batch with B=8, L=360, D=151
[2026/05/19 21:40:12] hftrainer INFO: train_step: Skipping batch due to: dimension_mismatch
[2026/05/19 21:40:12] hftrainer WARNING: Skipping batch: found motion dims {198, 151} != 151. Batch has mixed dimensions: [151, 198, 151, 151, 151, 198, 198, 151]
[2026/05/19 21:40:12] hftrainer INFO: Creating skip context for batch with B=8, L=360, D=151
[2026/05/19 21:40:12] hftrainer INFO: train_step: Skipping batch due to: dimension_mismatch
[2026/05/19 21:40:12] hftrainer WARNING: Skipping batch: found motion dims {198, 151} != 151. Batch has mixed dimensions: [151, 151, 151, 151, 151, 198, 151, 151]
[2026/05/19 21:40:12] hftrainer INFO: Creating skip context for batch with B=8, L=360, D=151
[2026/05/19 21:40:12] hftrainer INFO: train_step: Skipping batch due to: dimension_mismatch
[2026/05/19 21:40:12] hftrainer INFO: epoch [1/1000]  step [620/50944]  loss=0.0000  data_time=0.04s  train_time=0.00s  eta=250d 12:57:39
[2026/05/19 21:40:12] hftrainer WARNING: Skipping batch: found motion dims {198, 151} != 151. Batch has mixed dimensions: [151, 151, 151, 151, 198, 198, 151, 198]
[2026/05/19 21:40:12] hftrainer INFO: Creating skip context for batch with B=8, L=360, D=151
[2026/05/19 21:40:12] hftrainer INFO: train_step: Skipping batch due to: dimension_mismatch
[2026/05/19 21:40:12] hftrainer WARNING: Skipping batch: found motion dims {198, 151} != 151. Batch has mixed dimensions: [151, 151, 151, 151, 198, 151, 151, 151]
[2026/05/19 21:40:12] hftrainer INFO: Creating skip context for batch with B=8, L=360, D=151
[2026/05/19 21:40:12] hftrainer INFO: train_step: Skipping batch due to: dimension_mismatch
[2026/05/19 21:40:12] hftrainer WARNING: Skipping batch: found motion dims {198, 151} != 151. Batch has mixed dimensions: [198, 151, 151, 151, 198, 198, 151, 151]
[2026/05/19 21:40:12] hftrainer INFO: Creating skip context for batch with B=8, L=360, D=151
[2026/05/19 21:40:12] hftrainer INFO: train_step: Skipping batch due to: dimension_mismatch
[2026/05/19 21:40:12] hftrainer WARNING: Skipping batch: found motion dims {198, 151} != 151. Batch has mixed dimensions: [151, 151, 198, 151, 151, 151, 151, 198]
[2026/05/19 21:40:12] hftrainer INFO: Creating skip context for batch with B=8, L=360, D=151
[2026/05/19 21:40:12] hftrainer INFO: train_step: Skipping batch due to: dimension_mismatch
[2026/05/19 21:40:12] hftrainer WARNING: Skipping batch: found motion dims {198, 151} != 151. Batch has mixed dimensions: [151, 198, 151, 151, 151, 151, 151, 151]
[2026/05/19 21:40:12] hftrainer INFO: Creating skip context for batch with B=8, L=360, D=151
[2026/05/19 21:40:12] hftrainer INFO: train_step: Skipping batch due to: dimension_mismatch
[2026/05/19 21:40:14] hftrainer WARNING: Skipping batch: found motion dims {198, 151} != 151. Batch has mixed dimensions: [151, 151, 151, 198, 151, 151, 151, 151]
[2026/05/19 21:40:14] hftrainer INFO: Creating skip context for batch with B=8, L=360, D=151
[2026/05/19 21:40:14] hftrainer INFO: train_step: Skipping batch due to: dimension_mismatch
[2026/05/19 21:40:14] hftrainer WARNING: Skipping batch: found motion dims {198, 151} != 151. Batch has mixed dimensions: [151, 151, 151, 151, 198, 151, 151, 198]
[2026/05/19 21:40:14] hftrainer INFO: Creating skip context for batch with B=8, L=360, D=151
[2026/05/19 21:40:14] hftrainer INFO: train_step: Skipping batch due to: dimension_mismatch
[2026/05/19 21:40:14] hftrainer WARNING: Skipping batch: found motion dims {198, 151} != 151. Batch has mixed dimensions: [198, 151, 151, 198, 151, 151, 151, 198]
[2026/05/19 21:40:14] hftrainer INFO: Creating skip context for batch with B=8, L=360, D=151
[2026/05/19 21:40:14] hftrainer INFO: train_step: Skipping batch due to: dimension_mismatch
[2026/05/19 21:40:14] hftrainer WARNING: Skipping batch: found motion dims {198, 151} != 151. Batch has mixed dimensions: [151, 151, 198, 198, 151, 151, 151, 151]
[2026/05/19 21:40:14] hftrainer INFO: Creating skip context for batch with B=8, L=360, D=151
[2026/05/19 21:40:14] hftrainer INFO: train_step: Skipping batch due to: dimension_mismatch
[2026/05/19 21:40:14] hftrainer INFO: epoch [1/1000]  step [630/50944]  loss=0.0000  data_time=0.04s  train_time=0.01s  eta=222d 03:18:55
[2026/05/19 21:40:16] hftrainer WARNING: Skipping batch: found motion dims {198, 151} != 151. Batch has mixed dimensions: [151, 151, 151, 151, 151, 151, 198, 151]
[2026/05/19 21:40:16] hftrainer INFO: Creating skip context for batch with B=8, L=360, D=151
[2026/05/19 21:40:16] hftrainer INFO: train_step: Skipping batch due to: dimension_mismatch
[2026/05/19 21:40:16] hftrainer WARNING: Skipping batch: found motion dims {198, 151} != 151. Batch has mixed dimensions: [151, 151, 151, 151, 198, 151, 151, 151]
[2026/05/19 21:40:16] hftrainer INFO: Creating skip context for batch with B=8, L=360, D=151
[2026/05/19 21:40:16] hftrainer INFO: train_step: Skipping batch due to: dimension_mismatch
[2026/05/19 21:40:16] hftrainer WARNING: Skipping batch: found motion dims {198, 151} != 151. Batch has mixed dimensions: [151, 198, 151, 151, 151, 198, 198, 151]
[2026/05/19 21:40:16] hftrainer INFO: Creating skip context for batch with B=8, L=360, D=151
[2026/05/19 21:40:16] hftrainer INFO: train_step: Skipping batch due to: dimension_mismatch
[2026/05/19 21:40:18] hftrainer WARNING: Skipping batch: found motion dims {198, 151} != 151. Batch has mixed dimensions: [151, 198, 198, 151, 151, 151, 151, 151]
[2026/05/19 21:40:18] hftrainer INFO: Creating skip context for batch with B=8, L=360, D=151
[2026/05/19 21:40:18] hftrainer INFO: train_step: Skipping batch due to: dimension_mismatch
[2026/05/19 21:40:18] hftrainer WARNING: Skipping batch: found motion dims {198, 151} != 151. Batch has mixed dimensions: [151, 151, 151, 151, 198, 151, 151, 151]
[2026/05/19 21:40:18] hftrainer INFO: Creating skip context for batch with B=8, L=360, D=151
[2026/05/19 21:40:18] hftrainer INFO: train_step: Skipping batch due to: dimension_mismatch
[2026/05/19 21:40:18] hftrainer WARNING: Skipping batch: found motion dims {198, 151} != 151. Batch has mixed dimensions: [198, 151, 151, 151, 151, 151, 151, 151]
[2026/05/19 21:40:18] hftrainer INFO: Creating skip context for batch with B=8, L=360, D=151
[2026/05/19 21:40:18] hftrainer INFO: train_step: Skipping batch due to: dimension_mismatch
[2026/05/19 21:40:18] hftrainer WARNING: Skipping batch: found motion dims {198, 151} != 151. Batch has mixed dimensions: [151, 198, 151, 151, 151, 151, 151, 151]
[2026/05/19 21:40:18] hftrainer INFO: Creating skip context for batch with B=8, L=360, D=151
[2026/05/19 21:40:18] hftrainer INFO: train_step: Skipping batch due to: dimension_mismatch
[2026/05/19 21:40:18] hftrainer WARNING: Skipping batch: found motion dims {198, 151} != 151. Batch has mixed dimensions: [151, 151, 151, 151, 151, 198, 151, 151]
[2026/05/19 21:40:18] hftrainer INFO: Creating skip context for batch with B=8, L=360, D=151
[2026/05/19 21:40:18] hftrainer INFO: train_step: Skipping batch due to: dimension_mismatch
[2026/05/19 21:40:18] hftrainer INFO: epoch [1/1000]  step [640/50944]  loss=0.0000  data_time=0.05s  train_time=0.01s  eta=229d 10:45:44
[2026/05/19 21:40:18] hftrainer WARNING: Skipping batch: found motion dims {198, 151} != 151. Batch has mixed dimensions: [151, 151, 151, 198, 151, 151, 151, 151]
[2026/05/19 21:40:18] hftrainer INFO: Creating skip context for batch with B=8, L=360, D=151
[2026/05/19 21:40:18] hftrainer INFO: train_step: Skipping batch due to: dimension_mismatch
[2026/05/19 21:40:20] hftrainer WARNING: Skipping batch: found motion dims {198, 151} != 151. Batch has mixed dimensions: [198, 151, 151, 151, 151, 151, 151, 151]
[2026/05/19 21:40:20] hftrainer INFO: Creating skip context for batch with B=8, L=360, D=151
[2026/05/19 21:40:20] hftrainer INFO: train_step: Skipping batch due to: dimension_mismatch
[2026/05/19 21:40:23] hftrainer WARNING: Skipping batch: found motion dims {198, 151} != 151. Batch has mixed dimensions: [151, 151, 151, 151, 151, 151, 198, 151]
[2026/05/19 21:40:23] hftrainer INFO: Creating skip context for batch with B=8, L=360, D=151
[2026/05/19 21:40:23] hftrainer INFO: train_step: Skipping batch due to: dimension_mismatch
[2026/05/19 21:40:23] hftrainer WARNING: Skipping batch: found motion dims {198, 151} != 151. Batch has mixed dimensions: [151, 151, 151, 151, 151, 198, 151, 151]
[2026/05/19 21:40:23] hftrainer INFO: Creating skip context for batch with B=8, L=360, D=151
[2026/05/19 21:40:23] hftrainer INFO: train_step: Skipping batch due to: dimension_mismatch
[2026/05/19 21:40:23] hftrainer WARNING: Skipping batch: found motion dims {198, 151} != 151. Batch has mixed dimensions: [151, 151, 198, 151, 198, 151, 151, 151]
[2026/05/19 21:40:23] hftrainer INFO: Creating skip context for batch with B=8, L=360, D=151
[2026/05/19 21:40:23] hftrainer INFO: train_step: Skipping batch due to: dimension_mismatch
[2026/05/19 21:40:23] hftrainer WARNING: Skipping batch: found motion dims {198, 151} != 151. Batch has mixed dimensions: [151, 151, 151, 151, 151, 151, 151, 198]
[2026/05/19 21:40:23] hftrainer INFO: Creating skip context for batch with B=8, L=360, D=151
[2026/05/19 21:40:23] hftrainer INFO: train_step: Skipping batch due to: dimension_mismatch
[2026/05/19 21:40:23] hftrainer WARNING: Skipping batch: found motion dims {198, 151} != 151. Batch has mixed dimensions: [151, 151, 151, 151, 198, 151, 151, 151]
[2026/05/19 21:40:23] hftrainer INFO: Creating skip context for batch with B=8, L=360, D=151
[2026/05/19 21:40:23] hftrainer INFO: train_step: Skipping batch due to: dimension_mismatch
[2026/05/19 21:40:23] hftrainer INFO: epoch [1/1000]  step [650/50944]  loss=0.0000  data_time=0.05s  train_time=0.00s  eta=222d 19:50:15
[2026/05/19 21:40:23] hftrainer WARNING: Skipping batch: found motion dims {198, 151} != 151. Batch has mixed dimensions: [198, 198, 151, 198, 198, 151, 151, 151]
[2026/05/19 21:40:23] hftrainer INFO: Creating skip context for batch with B=8, L=360, D=151
[2026/05/19 21:40:23] hftrainer INFO: train_step: Skipping batch due to: dimension_mismatch
[2026/05/19 21:40:23] hftrainer WARNING: Skipping batch: found motion dims {198, 151} != 151. Batch has mixed dimensions: [198, 151, 151, 151, 151, 151, 151, 151]
[2026/05/19 21:40:23] hftrainer INFO: Creating skip context for batch with B=8, L=360, D=151
[2026/05/19 21:40:23] hftrainer INFO: train_step: Skipping batch due to: dimension_mismatch
[2026/05/19 21:40:23] hftrainer WARNING: Skipping batch: found motion dims {198, 151} != 151. Batch has mixed dimensions: [151, 151, 151, 151, 151, 151, 198, 198]
[2026/05/19 21:40:23] hftrainer INFO: Creating skip context for batch with B=8, L=360, D=151
[2026/05/19 21:40:23] hftrainer INFO: train_step: Skipping batch due to: dimension_mismatch
[2026/05/19 21:40:23] hftrainer WARNING: Skipping batch: found motion dims {198, 151} != 151. Batch has mixed dimensions: [198, 151, 151, 151, 151, 151, 151, 151]
[2026/05/19 21:40:23] hftrainer INFO: Creating skip context for batch with B=8, L=360, D=151
[2026/05/19 21:40:23] hftrainer INFO: train_step: Skipping batch due to: dimension_mismatch
[2026/05/19 21:40:23] hftrainer WARNING: Skipping batch: found motion dims {198, 151} != 151. Batch has mixed dimensions: [151, 151, 151, 151, 151, 151, 151, 198]
[2026/05/19 21:40:23] hftrainer INFO: Creating skip context for batch with B=8, L=360, D=151
[2026/05/19 21:40:23] hftrainer INFO: train_step: Skipping batch due to: dimension_mismatch
[2026/05/19 21:40:25] hftrainer WARNING: Skipping batch: found motion dims {198, 151} != 151. Batch has mixed dimensions: [151, 151, 151, 198, 151, 151, 151, 151]
[2026/05/19 21:40:25] hftrainer INFO: Creating skip context for batch with B=8, L=360, D=151
[2026/05/19 21:40:25] hftrainer INFO: train_step: Skipping batch due to: dimension_mismatch
[2026/05/19 21:40:25] hftrainer WARNING: Skipping batch: found motion dims {198, 151} != 151. Batch has mixed dimensions: [151, 151, 151, 151, 198, 151, 151, 151]
[2026/05/19 21:40:25] hftrainer INFO: Creating skip context for batch with B=8, L=360, D=151
[2026/05/19 21:40:25] hftrainer INFO: train_step: Skipping batch due to: dimension_mismatch
[2026/05/19 21:40:27] hftrainer WARNING: Skipping batch: found motion dims {198, 151} != 151. Batch has mixed dimensions: [198, 151, 151, 151, 151, 151, 151, 151]
[2026/05/19 21:40:27] hftrainer INFO: Creating skip context for batch with B=8, L=360, D=151
[2026/05/19 21:40:27] hftrainer INFO: train_step: Skipping batch due to: dimension_mismatch
[2026/05/19 21:40:27] hftrainer INFO: epoch [1/1000]  step [660/50944]  loss=0.0000  data_time=0.39s  train_time=0.01s  eta=223d 16:12:24
[2026/05/19 21:40:27] hftrainer WARNING: Skipping batch: found motion dims {198, 151} != 151. Batch has mixed dimensions: [198, 151, 151, 151, 151, 151, 151, 151]
[2026/05/19 21:40:27] hftrainer INFO: Creating skip context for batch with B=8, L=360, D=151
[2026/05/19 21:40:27] hftrainer INFO: train_step: Skipping batch due to: dimension_mismatch
[2026/05/19 21:40:27] hftrainer WARNING: Skipping batch: found motion dims {198, 151} != 151. Batch has mixed dimensions: [151, 198, 151, 151, 151, 151, 151, 151]
[2026/05/19 21:40:27] hftrainer INFO: Creating skip context for batch with B=8, L=360, D=151
[2026/05/19 21:40:27] hftrainer INFO: train_step: Skipping batch due to: dimension_mismatch
[2026/05/19 21:40:28] hftrainer WARNING: Skipping batch: found motion dims {198, 151} != 151. Batch has mixed dimensions: [198, 151, 151, 198, 151, 151, 151, 151]
[2026/05/19 21:40:28] hftrainer INFO: Creating skip context for batch with B=8, L=360, D=151
[2026/05/19 21:40:28] hftrainer INFO: train_step: Skipping batch due to: dimension_mismatch
[2026/05/19 21:40:32] hftrainer WARNING: Skipping batch: found motion dims {198, 151} != 151. Batch has mixed dimensions: [151, 151, 151, 151, 151, 151, 198, 151]
[2026/05/19 21:40:32] hftrainer INFO: Creating skip context for batch with B=8, L=360, D=151
[2026/05/19 21:40:32] hftrainer INFO: train_step: Skipping batch due to: dimension_mismatch
[2026/05/19 21:40:33] hftrainer WARNING: Skipping batch: found motion dims {198, 151} != 151. Batch has mixed dimensions: [151, 151, 151, 151, 198, 151, 198, 151]
[2026/05/19 21:40:33] hftrainer INFO: Creating skip context for batch with B=8, L=360, D=151
[2026/05/19 21:40:33] hftrainer INFO: train_step: Skipping batch due to: dimension_mismatch
[2026/05/19 21:40:33] hftrainer WARNING: Skipping batch: found motion dims {198, 151} != 151. Batch has mixed dimensions: [151, 151, 151, 198, 151, 151, 151, 151]
[2026/05/19 21:40:33] hftrainer INFO: Creating skip context for batch with B=8, L=360, D=151
[2026/05/19 21:40:33] hftrainer INFO: train_step: Skipping batch due to: dimension_mismatch
[2026/05/19 21:40:33] hftrainer INFO: epoch [1/1000]  step [670/50944]  loss=0.0000  data_time=0.04s  train_time=0.00s  eta=221d 05:36:43
[2026/05/19 21:40:35] hftrainer WARNING: Skipping batch: found motion dims {198, 151} != 151. Batch has mixed dimensions: [151, 198, 151, 151, 198, 151, 198, 198]
[2026/05/19 21:40:35] hftrainer INFO: Creating skip context for batch with B=8, L=360, D=151
[2026/05/19 21:40:35] hftrainer INFO: train_step: Skipping batch due to: dimension_mismatch
[2026/05/19 21:40:36] hftrainer WARNING: Skipping batch: found motion dims {198, 151} != 151. Batch has mixed dimensions: [151, 198, 151, 151, 151, 151, 151, 151]
[2026/05/19 21:40:36] hftrainer INFO: Creating skip context for batch with B=8, L=360, D=151
[2026/05/19 21:40:36] hftrainer INFO: train_step: Skipping batch due to: dimension_mismatch
[2026/05/19 21:40:37] hftrainer WARNING: Skipping batch: found motion dims {198, 151} != 151. Batch has mixed dimensions: [151, 151, 151, 151, 151, 198, 151, 198]
[2026/05/19 21:40:37] hftrainer INFO: Creating skip context for batch with B=8, L=360, D=151
[2026/05/19 21:40:37] hftrainer INFO: train_step: Skipping batch due to: dimension_mismatch
[2026/05/19 21:40:37] hftrainer WARNING: Skipping batch: found motion dims {198, 151} != 151. Batch has mixed dimensions: [198, 151, 198, 151, 151, 151, 151, 151]
[2026/05/19 21:40:37] hftrainer INFO: Creating skip context for batch with B=8, L=360, D=151
[2026/05/19 21:40:37] hftrainer INFO: train_step: Skipping batch due to: dimension_mismatch
[2026/05/19 21:40:38] hftrainer WARNING: Skipping batch: found motion dims {198, 151} != 151. Batch has mixed dimensions: [151, 198, 151, 198, 151, 151, 151, 151]
[2026/05/19 21:40:38] hftrainer INFO: Creating skip context for batch with B=8, L=360, D=151
[2026/05/19 21:40:38] hftrainer INFO: train_step: Skipping batch due to: dimension_mismatch
[2026/05/19 21:40:38] hftrainer WARNING: Skipping batch: found motion dims {198, 151} != 151. Batch has mixed dimensions: [151, 151, 151, 198, 151, 151, 151, 198]
[2026/05/19 21:40:38] hftrainer INFO: Creating skip context for batch with B=8, L=360, D=151
[2026/05/19 21:40:38] hftrainer INFO: train_step: Skipping batch due to: dimension_mismatch
[2026/05/19 21:40:38] hftrainer WARNING: Skipping batch: found motion dims {198, 151} != 151. Batch has mixed dimensions: [151, 151, 198, 151, 151, 198, 151, 198]
[2026/05/19 21:40:38] hftrainer INFO: Creating skip context for batch with B=8, L=360, D=151
[2026/05/19 21:40:38] hftrainer INFO: train_step: Skipping batch due to: dimension_mismatch
[2026/05/19 21:40:38] hftrainer INFO: epoch [1/1000]  step [680/50944]  loss=0.0000  data_time=0.05s  train_time=0.01s  eta=243d 05:19:41
[2026/05/19 21:40:40] hftrainer WARNING: Skipping batch: found motion dims {198, 151} != 151. Batch has mixed dimensions: [151, 151, 151, 198, 151, 151, 151, 151]
[2026/05/19 21:40:40] hftrainer INFO: Creating skip context for batch with B=8, L=360, D=151
[2026/05/19 21:40:40] hftrainer INFO: train_step: Skipping batch due to: dimension_mismatch
[2026/05/19 21:40:40] hftrainer WARNING: Skipping batch: found motion dims {198, 151} != 151. Batch has mixed dimensions: [151, 151, 151, 151, 151, 151, 151, 198]
[2026/05/19 21:40:40] hftrainer INFO: Creating skip context for batch with B=8, L=360, D=151
[2026/05/19 21:40:40] hftrainer INFO: train_step: Skipping batch due to: dimension_mismatch
[2026/05/19 21:40:40] hftrainer WARNING: Skipping batch: found motion dims {198, 151} != 151. Batch has mixed dimensions: [151, 151, 198, 198, 151, 151, 151, 151]
[2026/05/19 21:40:40] hftrainer INFO: Creating skip context for batch with B=8, L=360, D=151
[2026/05/19 21:40:40] hftrainer INFO: train_step: Skipping batch due to: dimension_mismatch
[2026/05/19 21:40:40] hftrainer WARNING: Skipping batch: found motion dims {198, 151} != 151. Batch has mixed dimensions: [198, 151, 151, 151, 151, 151, 151, 151]
[2026/05/19 21:40:40] hftrainer INFO: Creating skip context for batch with B=8, L=360, D=151
[2026/05/19 21:40:40] hftrainer INFO: train_step: Skipping batch due to: dimension_mismatch
[2026/05/19 21:40:40] hftrainer WARNING: Skipping batch: found motion dims {198, 151} != 151. Batch has mixed dimensions: [151, 198, 151, 151, 151, 151, 151, 151]
[2026/05/19 21:40:40] hftrainer INFO: Creating skip context for batch with B=8, L=360, D=151
[2026/05/19 21:40:40] hftrainer INFO: train_step: Skipping batch due to: dimension_mismatch
[2026/05/19 21:40:40] hftrainer WARNING: Skipping batch: found motion dims {198, 151} != 151. Batch has mixed dimensions: [151, 151, 151, 151, 198, 151, 151, 198]
[2026/05/19 21:40:40] hftrainer INFO: Creating skip context for batch with B=8, L=360, D=151
[2026/05/19 21:40:40] hftrainer INFO: train_step: Skipping batch due to: dimension_mismatch
[2026/05/19 21:40:42] hftrainer WARNING: Skipping batch: found motion dims {198, 151} != 151. Batch has mixed dimensions: [151, 198, 151, 198, 198, 151, 151, 151]
[2026/05/19 21:40:42] hftrainer INFO: Creating skip context for batch with B=8, L=360, D=151
[2026/05/19 21:40:42] hftrainer INFO: train_step: Skipping batch due to: dimension_mismatch
[2026/05/19 21:40:43] hftrainer INFO: epoch [1/1000]  step [690/50944]  loss=0.8679  loss_velocity=0.6900  loss_x1=0.0000  loss_smoothness=0.1779  data_time=0.05s  train_time=1.15s  eta=232d 04:34:01
[2026/05/19 21:40:48] hftrainer WARNING: Skipping batch: found motion dims {198, 151} != 151. Batch has mixed dimensions: [151, 151, 151, 198, 151, 151, 151, 151]
[2026/05/19 21:40:48] hftrainer INFO: Creating skip context for batch with B=8, L=360, D=151
[2026/05/19 21:40:48] hftrainer INFO: train_step: Skipping batch due to: dimension_mismatch
[2026/05/19 21:40:50] hftrainer WARNING: Skipping batch: found motion dims {198, 151} != 151. Batch has mixed dimensions: [151, 151, 151, 151, 151, 198, 151, 151]
[2026/05/19 21:40:50] hftrainer INFO: Creating skip context for batch with B=8, L=360, D=151
[2026/05/19 21:40:50] hftrainer INFO: train_step: Skipping batch due to: dimension_mismatch
[2026/05/19 21:40:50] hftrainer WARNING: Skipping batch: found motion dims {198, 151} != 151. Batch has mixed dimensions: [151, 151, 151, 151, 198, 198, 198, 151]
[2026/05/19 21:40:50] hftrainer INFO: Creating skip context for batch with B=8, L=360, D=151
[2026/05/19 21:40:50] hftrainer INFO: train_step: Skipping batch due to: dimension_mismatch
[2026/05/19 21:40:50] hftrainer WARNING: Skipping batch: found motion dims {198, 151} != 151. Batch has mixed dimensions: [151, 198, 151, 198, 198, 151, 151, 198]
[2026/05/19 21:40:50] hftrainer INFO: Creating skip context for batch with B=8, L=360, D=151
[2026/05/19 21:40:50] hftrainer INFO: train_step: Skipping batch due to: dimension_mismatch
[2026/05/19 21:40:53] hftrainer INFO: epoch [1/1000]  step [700/50944]  loss=1.0148  loss_velocity=0.9301  loss_x1=0.0000  loss_smoothness=0.0847  data_time=0.40s  train_time=1.17s  eta=283d 06:38:17
[2026/05/19 21:40:53] hftrainer WARNING: Skipping batch: found motion dims {198, 151} != 151. Batch has mixed dimensions: [151, 151, 151, 198, 151, 151, 151, 151]
[2026/05/19 21:40:53] hftrainer INFO: Creating skip context for batch with B=8, L=360, D=151
[2026/05/19 21:40:53] hftrainer INFO: train_step: Skipping batch due to: dimension_mismatch
[2026/05/19 21:40:53] hftrainer WARNING: Skipping batch: found motion dims {198, 151} != 151. Batch has mixed dimensions: [151, 151, 151, 151, 151, 151, 151, 198]
[2026/05/19 21:40:53] hftrainer INFO: Creating skip context for batch with B=8, L=360, D=151
[2026/05/19 21:40:53] hftrainer INFO: train_step: Skipping batch due to: dimension_mismatch
[2026/05/19 21:40:53] hftrainer WARNING: Skipping batch: found motion dims {198, 151} != 151. Batch has mixed dimensions: [151, 198, 151, 151, 198, 151, 151, 151]
[2026/05/19 21:40:53] hftrainer INFO: Creating skip context for batch with B=8, L=360, D=151
[2026/05/19 21:40:53] hftrainer INFO: train_step: Skipping batch due to: dimension_mismatch
[2026/05/19 21:40:53] hftrainer WARNING: Skipping batch: found motion dims {198, 151} != 151. Batch has mixed dimensions: [151, 198, 151, 151, 151, 198, 151, 151]
[2026/05/19 21:40:53] hftrainer INFO: Creating skip context for batch with B=8, L=360, D=151
[2026/05/19 21:40:53] hftrainer INFO: train_step: Skipping batch due to: dimension_mismatch
[2026/05/19 21:40:53] hftrainer WARNING: Skipping batch: found motion dims {198, 151} != 151. Batch has mixed dimensions: [151, 151, 151, 151, 198, 198, 151, 151]
[2026/05/19 21:40:53] hftrainer INFO: Creating skip context for batch with B=8, L=360, D=151
[2026/05/19 21:40:53] hftrainer INFO: train_step: Skipping batch due to: dimension_mismatch
[2026/05/19 21:40:53] hftrainer WARNING: Skipping batch: found motion dims {198, 151} != 151. Batch has mixed dimensions: [198, 151, 151, 198, 151, 151, 151, 151]
[2026/05/19 21:40:53] hftrainer INFO: Creating skip context for batch with B=8, L=360, D=151
[2026/05/19 21:40:53] hftrainer INFO: train_step: Skipping batch due to: dimension_mismatch
[2026/05/19 21:40:53] hftrainer WARNING: Skipping batch: found motion dims {198, 151} != 151. Batch has mixed dimensions: [151, 151, 151, 151, 151, 198, 151, 151]
[2026/05/19 21:40:53] hftrainer INFO: Creating skip context for batch with B=8, L=360, D=151
[2026/05/19 21:40:53] hftrainer INFO: train_step: Skipping batch due to: dimension_mismatch
[2026/05/19 21:40:54] hftrainer WARNING: Skipping batch: found motion dims {198, 151} != 151. Batch has mixed dimensions: [151, 198, 151, 151, 151, 151, 151, 151]
[2026/05/19 21:40:54] hftrainer INFO: Creating skip context for batch with B=8, L=360, D=151
[2026/05/19 21:40:54] hftrainer INFO: train_step: Skipping batch due to: dimension_mismatch
[2026/05/19 21:40:55] hftrainer WARNING: Skipping batch: found motion dims {198, 151} != 151. Batch has mixed dimensions: [151, 198, 151, 151, 151, 151, 151, 198]
[2026/05/19 21:40:55] hftrainer INFO: Creating skip context for batch with B=8, L=360, D=151
[2026/05/19 21:40:55] hftrainer INFO: train_step: Skipping batch due to: dimension_mismatch
[2026/05/19 21:40:55] hftrainer WARNING: Skipping batch: found motion dims {198, 151} != 151. Batch has mixed dimensions: [151, 151, 198, 151, 198, 151, 151, 151]
[2026/05/19 21:40:55] hftrainer INFO: Creating skip context for batch with B=8, L=360, D=151
[2026/05/19 21:40:55] hftrainer INFO: train_step: Skipping batch due to: dimension_mismatch
[2026/05/19 21:40:55] hftrainer INFO: epoch [1/1000]  step [710/50944]  loss=0.0000  data_time=0.04s  train_time=0.00s  eta=273d 10:25:22
[2026/05/19 21:40:55] hftrainer WARNING: Skipping batch: found motion dims {198, 151} != 151. Batch has mixed dimensions: [151, 151, 151, 198, 198, 151, 151, 151]
[2026/05/19 21:40:55] hftrainer INFO: Creating skip context for batch with B=8, L=360, D=151
[2026/05/19 21:40:55] hftrainer INFO: train_step: Skipping batch due to: dimension_mismatch
[2026/05/19 21:40:55] hftrainer WARNING: Skipping batch: found motion dims {198, 151} != 151. Batch has mixed dimensions: [151, 198, 151, 151, 151, 151, 151, 151]
[2026/05/19 21:40:55] hftrainer INFO: Creating skip context for batch with B=8, L=360, D=151
[2026/05/19 21:40:55] hftrainer INFO: train_step: Skipping batch due to: dimension_mismatch
[2026/05/19 21:40:56] hftrainer WARNING: Skipping batch: found motion dims {198, 151} != 151. Batch has mixed dimensions: [151, 198, 151, 151, 151, 151, 151, 151]
[2026/05/19 21:40:56] hftrainer INFO: Creating skip context for batch with B=8, L=360, D=151
[2026/05/19 21:40:56] hftrainer INFO: train_step: Skipping batch due to: dimension_mismatch
[2026/05/19 21:40:56] hftrainer WARNING: Skipping batch: found motion dims {198, 151} != 151. Batch has mixed dimensions: [151, 198, 151, 198, 151, 151, 151, 198]
[2026/05/19 21:40:56] hftrainer INFO: Creating skip context for batch with B=8, L=360, D=151
[2026/05/19 21:40:56] hftrainer INFO: train_step: Skipping batch due to: dimension_mismatch
[2026/05/19 21:40:57] hftrainer WARNING: Skipping batch: found motion dims {198, 151} != 151. Batch has mixed dimensions: [151, 151, 151, 151, 151, 151, 198, 151]
[2026/05/19 21:40:57] hftrainer INFO: Creating skip context for batch with B=8, L=360, D=151
[2026/05/19 21:40:57] hftrainer INFO: train_step: Skipping batch due to: dimension_mismatch
[2026/05/19 21:40:59] hftrainer WARNING: Skipping batch: found motion dims {198, 151} != 151. Batch has mixed dimensions: [151, 151, 151, 151, 151, 151, 151, 198]
[2026/05/19 21:40:59] hftrainer INFO: Creating skip context for batch with B=8, L=360, D=151
[2026/05/19 21:40:59] hftrainer INFO: train_step: Skipping batch due to: dimension_mismatch
[2026/05/19 21:41:00] hftrainer WARNING: Skipping batch: found motion dims {198, 151} != 151. Batch has mixed dimensions: [151, 198, 151, 151, 151, 151, 151, 198]
[2026/05/19 21:41:00] hftrainer INFO: Creating skip context for batch with B=8, L=360, D=151
[2026/05/19 21:41:00] hftrainer INFO: train_step: Skipping batch due to: dimension_mismatch
[2026/05/19 21:41:00] hftrainer INFO: epoch [1/1000]  step [720/50944]  loss=0.0000  data_time=0.39s  train_time=0.01s  eta=284d 23:12:12
[2026/05/19 21:41:04] hftrainer WARNING: Skipping batch: found motion dims {198, 151} != 151. Batch has mixed dimensions: [198, 151, 151, 151, 151, 151, 151, 198]
[2026/05/19 21:41:04] hftrainer INFO: Creating skip context for batch with B=8, L=360, D=151
[2026/05/19 21:41:04] hftrainer INFO: train_step: Skipping batch due to: dimension_mismatch
[2026/05/19 21:41:05] hftrainer WARNING: Skipping batch: found motion dims {198, 151} != 151. Batch has mixed dimensions: [151, 151, 151, 198, 151, 198, 151, 198]
[2026/05/19 21:41:05] hftrainer INFO: Creating skip context for batch with B=8, L=360, D=151
[2026/05/19 21:41:05] hftrainer INFO: train_step: Skipping batch due to: dimension_mismatch
[2026/05/19 21:41:05] hftrainer WARNING: Skipping batch: found motion dims {198, 151} != 151. Batch has mixed dimensions: [151, 151, 151, 151, 151, 198, 151, 198]
[2026/05/19 21:41:05] hftrainer INFO: Creating skip context for batch with B=8, L=360, D=151
[2026/05/19 21:41:05] hftrainer INFO: train_step: Skipping batch due to: dimension_mismatch
[2026/05/19 21:41:05] hftrainer WARNING: Skipping batch: found motion dims {198, 151} != 151. Batch has mixed dimensions: [151, 151, 151, 198, 151, 151, 151, 151]
[2026/05/19 21:41:05] hftrainer INFO: Creating skip context for batch with B=8, L=360, D=151
[2026/05/19 21:41:05] hftrainer INFO: train_step: Skipping batch due to: dimension_mismatch
[2026/05/19 21:41:05] hftrainer WARNING: Skipping batch: found motion dims {198, 151} != 151. Batch has mixed dimensions: [151, 151, 151, 151, 198, 151, 151, 198]
[2026/05/19 21:41:05] hftrainer INFO: Creating skip context for batch with B=8, L=360, D=151
[2026/05/19 21:41:05] hftrainer INFO: train_step: Skipping batch due to: dimension_mismatch
[2026/05/19 21:41:07] hftrainer WARNING: Skipping batch: found motion dims {198, 151} != 151. Batch has mixed dimensions: [151, 151, 151, 151, 151, 151, 151, 198]
[2026/05/19 21:41:07] hftrainer INFO: Creating skip context for batch with B=8, L=360, D=151
[2026/05/19 21:41:07] hftrainer INFO: train_step: Skipping batch due to: dimension_mismatch
[2026/05/19 21:41:07] hftrainer INFO: epoch [1/1000]  step [730/50944]  loss=0.0000  data_time=0.40s  train_time=0.01s  eta=311d 01:32:29
[2026/05/19 21:41:07] hftrainer WARNING: Skipping batch: found motion dims {198, 151} != 151. Batch has mixed dimensions: [151, 198, 198, 151, 151, 198, 151, 151]
[2026/05/19 21:41:07] hftrainer INFO: Creating skip context for batch with B=8, L=360, D=151
[2026/05/19 21:41:07] hftrainer INFO: train_step: Skipping batch due to: dimension_mismatch
[2026/05/19 21:41:07] hftrainer WARNING: Skipping batch: found motion dims {198, 151} != 151. Batch has mixed dimensions: [198, 151, 151, 151, 151, 151, 151, 151]
[2026/05/19 21:41:07] hftrainer INFO: Creating skip context for batch with B=8, L=360, D=151
[2026/05/19 21:41:07] hftrainer INFO: train_step: Skipping batch due to: dimension_mismatch
[2026/05/19 21:41:10] hftrainer WARNING: Skipping batch: found motion dims {198, 151} != 151. Batch has mixed dimensions: [151, 151, 151, 198, 198, 151, 198, 151]
[2026/05/19 21:41:10] hftrainer INFO: Creating skip context for batch with B=8, L=360, D=151
[2026/05/19 21:41:10] hftrainer INFO: train_step: Skipping batch due to: dimension_mismatch
[2026/05/19 21:41:10] hftrainer WARNING: Skipping batch: found motion dims {198, 151} != 151. Batch has mixed dimensions: [151, 151, 151, 151, 151, 198, 151, 151]
[2026/05/19 21:41:10] hftrainer INFO: Creating skip context for batch with B=8, L=360, D=151
[2026/05/19 21:41:10] hftrainer INFO: train_step: Skipping batch due to: dimension_mismatch
[2026/05/19 21:41:10] hftrainer WARNING: Skipping batch: found motion dims {198, 151} != 151. Batch has mixed dimensions: [151, 198, 151, 151, 151, 151, 151, 151]
[2026/05/19 21:41:10] hftrainer INFO: Creating skip context for batch with B=8, L=360, D=151
[2026/05/19 21:41:10] hftrainer INFO: train_step: Skipping batch due to: dimension_mismatch
[2026/05/19 21:41:12] hftrainer WARNING: Skipping batch: found motion dims {198, 151} != 151. Batch has mixed dimensions: [151, 151, 151, 151, 151, 151, 198, 198]
[2026/05/19 21:41:12] hftrainer INFO: Creating skip context for batch with B=8, L=360, D=151
[2026/05/19 21:41:12] hftrainer INFO: train_step: Skipping batch due to: dimension_mismatch
[2026/05/19 21:41:12] hftrainer WARNING: Skipping batch: found motion dims {198, 151} != 151. Batch has mixed dimensions: [151, 151, 198, 151, 198, 151, 151, 151]
[2026/05/19 21:41:12] hftrainer INFO: Creating skip context for batch with B=8, L=360, D=151
[2026/05/19 21:41:12] hftrainer INFO: train_step: Skipping batch due to: dimension_mismatch
[2026/05/19 21:41:12] hftrainer INFO: epoch [1/1000]  step [740/50944]  loss=0.0000  data_time=0.04s  train_time=0.00s  eta=319d 08:21:19
[2026/05/19 21:41:15] hftrainer WARNING: Skipping batch: found motion dims {198, 151} != 151. Batch has mixed dimensions: [198, 151, 198, 151, 151, 151, 151, 151]
[2026/05/19 21:41:15] hftrainer INFO: Creating skip context for batch with B=8, L=360, D=151
[2026/05/19 21:41:15] hftrainer INFO: train_step: Skipping batch due to: dimension_mismatch
[2026/05/19 21:41:15] hftrainer WARNING: Skipping batch: found motion dims {198, 151} != 151. Batch has mixed dimensions: [151, 151, 151, 151, 198, 151, 151, 151]
[2026/05/19 21:41:15] hftrainer INFO: Creating skip context for batch with B=8, L=360, D=151
[2026/05/19 21:41:15] hftrainer INFO: train_step: Skipping batch due to: dimension_mismatch
[2026/05/19 21:41:15] hftrainer WARNING: Skipping batch: found motion dims {198, 151} != 151. Batch has mixed dimensions: [151, 151, 151, 198, 151, 151, 151, 151]
[2026/05/19 21:41:15] hftrainer INFO: Creating skip context for batch with B=8, L=360, D=151
[2026/05/19 21:41:15] hftrainer INFO: train_step: Skipping batch due to: dimension_mismatch
[2026/05/19 21:41:15] hftrainer WARNING: Skipping batch: found motion dims {198, 151} != 151. Batch has mixed dimensions: [151, 198, 151, 151, 151, 151, 151, 151]
[2026/05/19 21:41:15] hftrainer INFO: Creating skip context for batch with B=8, L=360, D=151
[2026/05/19 21:41:15] hftrainer INFO: train_step: Skipping batch due to: dimension_mismatch
[2026/05/19 21:41:15] hftrainer WARNING: Skipping batch: found motion dims {198, 151} != 151. Batch has mixed dimensions: [151, 151, 151, 151, 151, 198, 151, 198]
[2026/05/19 21:41:15] hftrainer INFO: Creating skip context for batch with B=8, L=360, D=151
[2026/05/19 21:41:15] hftrainer INFO: train_step: Skipping batch due to: dimension_mismatch
[2026/05/19 21:41:15] hftrainer WARNING: Skipping batch: found motion dims {198, 151} != 151. Batch has mixed dimensions: [151, 198, 151, 151, 151, 151, 151, 151]
[2026/05/19 21:41:15] hftrainer INFO: Creating skip context for batch with B=8, L=360, D=151
[2026/05/19 21:41:15] hftrainer INFO: train_step: Skipping batch due to: dimension_mismatch
[2026/05/19 21:41:16] hftrainer WARNING: Skipping batch: found motion dims {198, 151} != 151. Batch has mixed dimensions: [151, 151, 198, 151, 151, 151, 198, 151]
[2026/05/19 21:41:16] hftrainer INFO: Creating skip context for batch with B=8, L=360, D=151
[2026/05/19 21:41:16] hftrainer INFO: train_step: Skipping batch due to: dimension_mismatch
[2026/05/19 21:41:16] hftrainer WARNING: Skipping batch: found motion dims {198, 151} != 151. Batch has mixed dimensions: [151, 151, 151, 151, 198, 151, 151, 151]
[2026/05/19 21:41:16] hftrainer INFO: Creating skip context for batch with B=8, L=360, D=151
[2026/05/19 21:41:16] hftrainer INFO: train_step: Skipping batch due to: dimension_mismatch
[2026/05/19 21:41:16] hftrainer INFO: epoch [1/1000]  step [750/50944]  loss=0.0000  data_time=0.05s  train_time=0.01s  eta=310d 18:19:12
[2026/05/19 21:41:16] hftrainer WARNING: Skipping batch: found motion dims {198, 151} != 151. Batch has mixed dimensions: [151, 151, 151, 151, 151, 151, 198, 151]
[2026/05/19 21:41:16] hftrainer INFO: Creating skip context for batch with B=8, L=360, D=151
[2026/05/19 21:41:16] hftrainer INFO: train_step: Skipping batch due to: dimension_mismatch
[2026/05/19 21:41:16] hftrainer WARNING: Skipping batch: found motion dims {198, 151} != 151. Batch has mixed dimensions: [198, 151, 151, 151, 151, 198, 151, 198]
[2026/05/19 21:41:16] hftrainer INFO: Creating skip context for batch with B=8, L=360, D=151
[2026/05/19 21:41:16] hftrainer INFO: train_step: Skipping batch due to: dimension_mismatch
[2026/05/19 21:41:18] hftrainer WARNING: Skipping batch: found motion dims {198, 151} != 151. Batch has mixed dimensions: [151, 198, 151, 151, 198, 151, 151, 151]
[2026/05/19 21:41:18] hftrainer INFO: Creating skip context for batch with B=8, L=360, D=151
[2026/05/19 21:41:18] hftrainer INFO: train_step: Skipping batch due to: dimension_mismatch
[2026/05/19 21:41:19] hftrainer WARNING: Skipping batch: found motion dims {198, 151} != 151. Batch has mixed dimensions: [151, 198, 151, 151, 151, 151, 151, 198]
[2026/05/19 21:41:19] hftrainer INFO: Creating skip context for batch with B=8, L=360, D=151
[2026/05/19 21:41:19] hftrainer INFO: train_step: Skipping batch due to: dimension_mismatch
[2026/05/19 21:41:19] hftrainer WARNING: Skipping batch: found motion dims {198, 151} != 151. Batch has mixed dimensions: [151, 151, 198, 151, 151, 151, 151, 151]
[2026/05/19 21:41:19] hftrainer INFO: Creating skip context for batch with B=8, L=360, D=151
[2026/05/19 21:41:19] hftrainer INFO: train_step: Skipping batch due to: dimension_mismatch
[2026/05/19 21:41:19] hftrainer WARNING: Skipping batch: found motion dims {198, 151} != 151. Batch has mixed dimensions: [198, 151, 151, 151, 151, 151, 151, 198]
[2026/05/19 21:41:19] hftrainer INFO: Creating skip context for batch with B=8, L=360, D=151
[2026/05/19 21:41:19] hftrainer INFO: train_step: Skipping batch due to: dimension_mismatch
[2026/05/19 21:41:19] hftrainer WARNING: Skipping batch: found motion dims {198, 151} != 151. Batch has mixed dimensions: [151, 198, 151, 151, 198, 151, 151, 151]
[2026/05/19 21:41:19] hftrainer INFO: Creating skip context for batch with B=8, L=360, D=151
[2026/05/19 21:41:19] hftrainer INFO: train_step: Skipping batch due to: dimension_mismatch
[2026/05/19 21:41:19] hftrainer WARNING: Skipping batch: found motion dims {198, 151} != 151. Batch has mixed dimensions: [151, 198, 151, 198, 151, 151, 151, 151]
[2026/05/19 21:41:19] hftrainer INFO: Creating skip context for batch with B=8, L=360, D=151
[2026/05/19 21:41:19] hftrainer INFO: train_step: Skipping batch due to: dimension_mismatch
[2026/05/19 21:41:19] hftrainer INFO: epoch [1/1000]  step [760/50944]  loss=0.0000  data_time=0.04s  train_time=0.01s  eta=310d 16:29:57
[2026/05/19 21:41:21] hftrainer WARNING: Skipping batch: found motion dims {198, 151} != 151. Batch has mixed dimensions: [151, 198, 151, 151, 151, 151, 198, 198]
[2026/05/19 21:41:21] hftrainer INFO: Creating skip context for batch with B=8, L=360, D=151
[2026/05/19 21:41:21] hftrainer INFO: train_step: Skipping batch due to: dimension_mismatch
[2026/05/19 21:41:21] hftrainer WARNING: Skipping batch: found motion dims {198, 151} != 151. Batch has mixed dimensions: [151, 151, 151, 151, 151, 151, 198, 151]
[2026/05/19 21:41:21] hftrainer INFO: Creating skip context for batch with B=8, L=360, D=151
[2026/05/19 21:41:21] hftrainer INFO: train_step: Skipping batch due to: dimension_mismatch
[2026/05/19 21:41:23] hftrainer WARNING: Skipping batch: found motion dims {198, 151} != 151. Batch has mixed dimensions: [198, 198, 151, 151, 151, 151, 151, 151]
[2026/05/19 21:41:23] hftrainer INFO: Creating skip context for batch with B=8, L=360, D=151
[2026/05/19 21:41:23] hftrainer INFO: train_step: Skipping batch due to: dimension_mismatch
[2026/05/19 21:41:23] hftrainer WARNING: Skipping batch: found motion dims {198, 151} != 151. Batch has mixed dimensions: [151, 151, 151, 151, 151, 198, 151, 151]
[2026/05/19 21:41:23] hftrainer INFO: Creating skip context for batch with B=8, L=360, D=151
[2026/05/19 21:41:23] hftrainer INFO: train_step: Skipping batch due to: dimension_mismatch
[2026/05/19 21:41:23] hftrainer WARNING: Skipping batch: found motion dims {198, 151} != 151. Batch has mixed dimensions: [151, 151, 198, 151, 198, 151, 151, 151]
[2026/05/19 21:41:23] hftrainer INFO: Creating skip context for batch with B=8, L=360, D=151
[2026/05/19 21:41:23] hftrainer INFO: train_step: Skipping batch due to: dimension_mismatch
[2026/05/19 21:41:26] hftrainer WARNING: Skipping batch: found motion dims {198, 151} != 151. Batch has mixed dimensions: [198, 198, 151, 151, 151, 151, 151, 151]
[2026/05/19 21:41:26] hftrainer INFO: Creating skip context for batch with B=8, L=360, D=151
[2026/05/19 21:41:26] hftrainer INFO: train_step: Skipping batch due to: dimension_mismatch
[2026/05/19 21:41:26] hftrainer INFO: epoch [1/1000]  step [770/50944]  loss=0.0000  data_time=0.41s  train_time=0.01s  eta=311d 05:28:46
[2026/05/19 21:41:26] hftrainer WARNING: Skipping batch: found motion dims {198, 151} != 151. Batch has mixed dimensions: [151, 151, 151, 151, 151, 151, 151, 198]
[2026/05/19 21:41:26] hftrainer INFO: Creating skip context for batch with B=8, L=360, D=151
[2026/05/19 21:41:26] hftrainer INFO: train_step: Skipping batch due to: dimension_mismatch
[2026/05/19 21:41:26] hftrainer WARNING: Skipping batch: found motion dims {198, 151} != 151. Batch has mixed dimensions: [151, 151, 198, 151, 151, 151, 151, 198]
[2026/05/19 21:41:26] hftrainer INFO: Creating skip context for batch with B=8, L=360, D=151
[2026/05/19 21:41:26] hftrainer INFO: train_step: Skipping batch due to: dimension_mismatch
[2026/05/19 21:41:31] hftrainer WARNING: Skipping batch: found motion dims {198, 151} != 151. Batch has mixed dimensions: [198, 151, 151, 151, 151, 151, 151, 151]
[2026/05/19 21:41:31] hftrainer INFO: Creating skip context for batch with B=8, L=360, D=151
[2026/05/19 21:41:31] hftrainer INFO: train_step: Skipping batch due to: dimension_mismatch
[2026/05/19 21:41:36] hftrainer WARNING: Skipping batch: found motion dims {198, 151} != 151. Batch has mixed dimensions: [151, 151, 151, 198, 151, 198, 198, 198]
[2026/05/19 21:41:36] hftrainer INFO: Creating skip context for batch with B=8, L=360, D=151
[2026/05/19 21:41:36] hftrainer INFO: train_step: Skipping batch due to: dimension_mismatch
[2026/05/19 21:41:36] hftrainer INFO: epoch [1/1000]  step [780/50944]  loss=0.0000  data_time=0.40s  train_time=0.01s  eta=337d 20:48:14
[2026/05/19 21:41:36] hftrainer WARNING: Skipping batch: found motion dims {198, 151} != 151. Batch has mixed dimensions: [151, 151, 151, 151, 151, 151, 198, 198]
[2026/05/19 21:41:36] hftrainer INFO: Creating skip context for batch with B=8, L=360, D=151
[2026/05/19 21:41:36] hftrainer INFO: train_step: Skipping batch due to: dimension_mismatch
[2026/05/19 21:41:36] hftrainer WARNING: Skipping batch: found motion dims {198, 151} != 151. Batch has mixed dimensions: [151, 151, 151, 198, 198, 151, 151, 151]
[2026/05/19 21:41:36] hftrainer INFO: Creating skip context for batch with B=8, L=360, D=151
[2026/05/19 21:41:36] hftrainer INFO: train_step: Skipping batch due to: dimension_mismatch
[2026/05/19 21:41:36] hftrainer WARNING: Skipping batch: found motion dims {198, 151} != 151. Batch has mixed dimensions: [151, 151, 198, 151, 151, 151, 151, 151]
[2026/05/19 21:41:36] hftrainer INFO: Creating skip context for batch with B=8, L=360, D=151
[2026/05/19 21:41:36] hftrainer INFO: train_step: Skipping batch due to: dimension_mismatch
[2026/05/19 21:41:36] hftrainer WARNING: Skipping batch: found motion dims {198, 151} != 151. Batch has mixed dimensions: [151, 151, 151, 151, 198, 151, 151, 151]
[2026/05/19 21:41:36] hftrainer INFO: Creating skip context for batch with B=8, L=360, D=151
[2026/05/19 21:41:36] hftrainer INFO: train_step: Skipping batch due to: dimension_mismatch
[2026/05/19 21:41:36] hftrainer WARNING: Skipping batch: found motion dims {198, 151} != 151. Batch has mixed dimensions: [151, 151, 151, 198, 151, 151, 151, 151]
[2026/05/19 21:41:36] hftrainer INFO: Creating skip context for batch with B=8, L=360, D=151
[2026/05/19 21:41:36] hftrainer INFO: train_step: Skipping batch due to: dimension_mismatch
[2026/05/19 21:41:38] hftrainer WARNING: Skipping batch: found motion dims {198, 151} != 151. Batch has mixed dimensions: [151, 151, 151, 198, 151, 198, 151, 151]
[2026/05/19 21:41:38] hftrainer INFO: Creating skip context for batch with B=8, L=360, D=151
[2026/05/19 21:41:38] hftrainer INFO: train_step: Skipping batch due to: dimension_mismatch
[2026/05/19 21:41:38] hftrainer WARNING: Skipping batch: found motion dims {198, 151} != 151. Batch has mixed dimensions: [151, 151, 151, 151, 151, 151, 151, 198]
[2026/05/19 21:41:38] hftrainer INFO: Creating skip context for batch with B=8, L=360, D=151
[2026/05/19 21:41:38] hftrainer INFO: train_step: Skipping batch due to: dimension_mismatch
[2026/05/19 21:41:38] hftrainer WARNING: Skipping batch: found motion dims {198, 151} != 151. Batch has mixed dimensions: [151, 151, 151, 198, 198, 151, 151, 198]
[2026/05/19 21:41:38] hftrainer INFO: Creating skip context for batch with B=8, L=360, D=151
[2026/05/19 21:41:38] hftrainer INFO: train_step: Skipping batch due to: dimension_mismatch
[2026/05/19 21:41:39] hftrainer INFO: epoch [1/1000]  step [790/50944]  loss=0.9543  loss_velocity=0.8204  loss_x1=0.0000  loss_smoothness=0.1339  data_time=0.05s  train_time=1.16s  eta=329d 03:17:28
[2026/05/19 21:41:39] hftrainer WARNING: Skipping batch: found motion dims {198, 151} != 151. Batch has mixed dimensions: [151, 151, 198, 198, 151, 151, 151, 151]
[2026/05/19 21:41:39] hftrainer INFO: Creating skip context for batch with B=8, L=360, D=151
[2026/05/19 21:41:39] hftrainer INFO: train_step: Skipping batch due to: dimension_mismatch
[2026/05/19 21:41:39] hftrainer WARNING: Skipping batch: found motion dims {198, 151} != 151. Batch has mixed dimensions: [151, 151, 151, 198, 151, 151, 151, 151]
[2026/05/19 21:41:39] hftrainer INFO: Creating skip context for batch with B=8, L=360, D=151
[2026/05/19 21:41:39] hftrainer INFO: train_step: Skipping batch due to: dimension_mismatch
[2026/05/19 21:41:39] hftrainer WARNING: Skipping batch: found motion dims {198, 151} != 151. Batch has mixed dimensions: [151, 151, 198, 151, 151, 151, 151, 151]
[2026/05/19 21:41:39] hftrainer INFO: Creating skip context for batch with B=8, L=360, D=151
[2026/05/19 21:41:39] hftrainer INFO: train_step: Skipping batch due to: dimension_mismatch
[2026/05/19 21:41:39] hftrainer WARNING: Skipping batch: found motion dims {198, 151} != 151. Batch has mixed dimensions: [151, 151, 151, 151, 151, 198, 151, 198]
[2026/05/19 21:41:39] hftrainer INFO: Creating skip context for batch with B=8, L=360, D=151
[2026/05/19 21:41:39] hftrainer INFO: train_step: Skipping batch due to: dimension_mismatch
[2026/05/19 21:41:41] hftrainer WARNING: Skipping batch: found motion dims {198, 151} != 151. Batch has mixed dimensions: [151, 198, 151, 151, 198, 151, 151, 151]
[2026/05/19 21:41:41] hftrainer INFO: Creating skip context for batch with B=8, L=360, D=151
[2026/05/19 21:41:41] hftrainer INFO: train_step: Skipping batch due to: dimension_mismatch
[2026/05/19 21:41:43] hftrainer WARNING: Skipping batch: found motion dims {198, 151} != 151. Batch has mixed dimensions: [198, 198, 151, 151, 151, 151, 151, 151]
[2026/05/19 21:41:43] hftrainer INFO: Creating skip context for batch with B=8, L=360, D=151
[2026/05/19 21:41:43] hftrainer INFO: train_step: Skipping batch due to: dimension_mismatch
[2026/05/19 21:41:44] hftrainer WARNING: Skipping batch: found motion dims {198, 151} != 151. Batch has mixed dimensions: [198, 151, 151, 151, 151, 151, 198, 151]
[2026/05/19 21:41:44] hftrainer INFO: Creating skip context for batch with B=8, L=360, D=151
[2026/05/19 21:41:44] hftrainer INFO: train_step: Skipping batch due to: dimension_mismatch
[2026/05/19 21:41:44] hftrainer INFO: epoch [1/1000]  step [800/50944]  loss=0.0000  data_time=0.39s  train_time=0.01s  eta=304d 11:37:27
[2026/05/19 21:41:46] hftrainer WARNING: Skipping batch: found motion dims {198, 151} != 151. Batch has mixed dimensions: [151, 198, 198, 151, 151, 151, 151, 151]
[2026/05/19 21:41:46] hftrainer INFO: Creating skip context for batch with B=8, L=360, D=151
[2026/05/19 21:41:46] hftrainer INFO: train_step: Skipping batch due to: dimension_mismatch
[2026/05/19 21:41:46] hftrainer WARNING: Skipping batch: found motion dims {198, 151} != 151. Batch has mixed dimensions: [151, 151, 198, 198, 151, 151, 198, 151]
[2026/05/19 21:41:46] hftrainer INFO: Creating skip context for batch with B=8, L=360, D=151
[2026/05/19 21:41:46] hftrainer INFO: train_step: Skipping batch due to: dimension_mismatch
[2026/05/19 21:41:46] hftrainer WARNING: Skipping batch: found motion dims {198, 151} != 151. Batch has mixed dimensions: [151, 151, 151, 151, 151, 198, 151, 151]
[2026/05/19 21:41:46] hftrainer INFO: Creating skip context for batch with B=8, L=360, D=151
[2026/05/19 21:41:46] hftrainer INFO: train_step: Skipping batch due to: dimension_mismatch
[2026/05/19 21:41:48] hftrainer WARNING: Skipping batch: found motion dims {198, 151} != 151. Batch has mixed dimensions: [151, 151, 151, 151, 151, 151, 198, 151]
[2026/05/19 21:41:48] hftrainer INFO: Creating skip context for batch with B=8, L=360, D=151
[2026/05/19 21:41:48] hftrainer INFO: train_step: Skipping batch due to: dimension_mismatch
[2026/05/19 21:41:48] hftrainer WARNING: Skipping batch: found motion dims {198, 151} != 151. Batch has mixed dimensions: [151, 151, 151, 198, 151, 151, 151, 151]
[2026/05/19 21:41:48] hftrainer INFO: Creating skip context for batch with B=8, L=360, D=151
[2026/05/19 21:41:48] hftrainer INFO: train_step: Skipping batch due to: dimension_mismatch
[2026/05/19 21:41:48] hftrainer WARNING: Skipping batch: found motion dims {198, 151} != 151. Batch has mixed dimensions: [198, 151, 151, 151, 151, 151, 151, 151]
[2026/05/19 21:41:48] hftrainer INFO: Creating skip context for batch with B=8, L=360, D=151
[2026/05/19 21:41:48] hftrainer INFO: train_step: Skipping batch due to: dimension_mismatch
[2026/05/19 21:41:48] hftrainer WARNING: Skipping batch: found motion dims {198, 151} != 151. Batch has mixed dimensions: [151, 198, 198, 198, 151, 151, 198, 151]
[2026/05/19 21:41:48] hftrainer INFO: Creating skip context for batch with B=8, L=360, D=151
[2026/05/19 21:41:48] hftrainer INFO: train_step: Skipping batch due to: dimension_mismatch
[2026/05/19 21:41:48] hftrainer WARNING: Skipping batch: found motion dims {198, 151} != 151. Batch has mixed dimensions: [198, 151, 151, 151, 151, 151, 151, 151]
[2026/05/19 21:41:48] hftrainer INFO: Creating skip context for batch with B=8, L=360, D=151
[2026/05/19 21:41:48] hftrainer INFO: train_step: Skipping batch due to: dimension_mismatch
[2026/05/19 21:41:48] hftrainer INFO: epoch [1/1000]  step [810/50944]  loss=0.0000  data_time=0.13s  train_time=0.00s  eta=312d 15:07:40
[2026/05/19 21:41:48] hftrainer WARNING: Skipping batch: found motion dims {198, 151} != 151. Batch has mixed dimensions: [151, 151, 198, 198, 151, 151, 151, 151]
[2026/05/19 21:41:48] hftrainer INFO: Creating skip context for batch with B=8, L=360, D=151
[2026/05/19 21:41:48] hftrainer INFO: train_step: Skipping batch due to: dimension_mismatch
[2026/05/19 21:41:48] hftrainer WARNING: Skipping batch: found motion dims {198, 151} != 151. Batch has mixed dimensions: [151, 151, 151, 151, 151, 198, 151, 151]
[2026/05/19 21:41:48] hftrainer INFO: Creating skip context for batch with B=8, L=360, D=151
[2026/05/19 21:41:48] hftrainer INFO: train_step: Skipping batch due to: dimension_mismatch
[2026/05/19 21:41:53] hftrainer WARNING: Skipping batch: found motion dims {198, 151} != 151. Batch has mixed dimensions: [151, 151, 198, 198, 151, 151, 151, 198]
[2026/05/19 21:41:53] hftrainer INFO: Creating skip context for batch with B=8, L=360, D=151
[2026/05/19 21:41:53] hftrainer INFO: train_step: Skipping batch due to: dimension_mismatch
[2026/05/19 21:41:53] hftrainer WARNING: Skipping batch: found motion dims {198, 151} != 151. Batch has mixed dimensions: [151, 151, 198, 151, 151, 151, 151, 151]
[2026/05/19 21:41:53] hftrainer INFO: Creating skip context for batch with B=8, L=360, D=151
[2026/05/19 21:41:53] hftrainer INFO: train_step: Skipping batch due to: dimension_mismatch
[2026/05/19 21:41:53] hftrainer WARNING: Skipping batch: found motion dims {198, 151} != 151. Batch has mixed dimensions: [151, 151, 151, 151, 151, 198, 151, 151]
[2026/05/19 21:41:53] hftrainer INFO: Creating skip context for batch with B=8, L=360, D=151
[2026/05/19 21:41:53] hftrainer INFO: train_step: Skipping batch due to: dimension_mismatch
[2026/05/19 21:41:54] hftrainer WARNING: Skipping batch: found motion dims {198, 151} != 151. Batch has mixed dimensions: [151, 151, 151, 151, 198, 151, 151, 151]
[2026/05/19 21:41:54] hftrainer INFO: Creating skip context for batch with B=8, L=360, D=151
[2026/05/19 21:41:54] hftrainer INFO: train_step: Skipping batch due to: dimension_mismatch
[2026/05/19 21:41:54] hftrainer INFO: epoch [1/1000]  step [820/50944]  loss=0.0000  data_time=0.39s  train_time=0.01s  eta=318d 14:15:54
[2026/05/19 21:41:55] hftrainer WARNING: Skipping batch: found motion dims {198, 151} != 151. Batch has mixed dimensions: [198, 151, 151, 151, 151, 198, 151, 198]
[2026/05/19 21:41:55] hftrainer INFO: Creating skip context for batch with B=8, L=360, D=151
[2026/05/19 21:41:55] hftrainer INFO: train_step: Skipping batch due to: dimension_mismatch
[2026/05/19 21:41:55] hftrainer WARNING: Skipping batch: found motion dims {198, 151} != 151. Batch has mixed dimensions: [151, 151, 151, 151, 151, 151, 198, 151]
[2026/05/19 21:41:55] hftrainer INFO: Creating skip context for batch with B=8, L=360, D=151
[2026/05/19 21:41:55] hftrainer INFO: train_step: Skipping batch due to: dimension_mismatch
[2026/05/19 21:41:55] hftrainer WARNING: Skipping batch: found motion dims {198, 151} != 151. Batch has mixed dimensions: [198, 151, 151, 151, 151, 151, 151, 151]
[2026/05/19 21:41:55] hftrainer INFO: Creating skip context for batch with B=8, L=360, D=151
[2026/05/19 21:41:55] hftrainer INFO: train_step: Skipping batch due to: dimension_mismatch
[2026/05/19 21:41:55] hftrainer WARNING: Skipping batch: found motion dims {198, 151} != 151. Batch has mixed dimensions: [198, 198, 151, 151, 151, 151, 151, 198]
[2026/05/19 21:41:55] hftrainer INFO: Creating skip context for batch with B=8, L=360, D=151
[2026/05/19 21:41:55] hftrainer INFO: train_step: Skipping batch due to: dimension_mismatch
[2026/05/19 21:41:56] hftrainer WARNING: Skipping batch: found motion dims {198, 151} != 151. Batch has mixed dimensions: [198, 151, 198, 151, 151, 151, 151, 198]
[2026/05/19 21:41:56] hftrainer INFO: Creating skip context for batch with B=8, L=360, D=151
[2026/05/19 21:41:56] hftrainer INFO: train_step: Skipping batch due to: dimension_mismatch
[2026/05/19 21:41:56] hftrainer WARNING: Skipping batch: found motion dims {198, 151} != 151. Batch has mixed dimensions: [151, 151, 151, 151, 151, 151, 198, 151]
[2026/05/19 21:41:56] hftrainer INFO: Creating skip context for batch with B=8, L=360, D=151
[2026/05/19 21:41:56] hftrainer INFO: train_step: Skipping batch due to: dimension_mismatch
[2026/05/19 21:41:56] hftrainer WARNING: Skipping batch: found motion dims {198, 151} != 151. Batch has mixed dimensions: [151, 198, 151, 151, 151, 151, 151, 151]
[2026/05/19 21:41:56] hftrainer INFO: Creating skip context for batch with B=8, L=360, D=151
[2026/05/19 21:41:56] hftrainer INFO: train_step: Skipping batch due to: dimension_mismatch
[2026/05/19 21:41:56] hftrainer WARNING: Skipping batch: found motion dims {198, 151} != 151. Batch has mixed dimensions: [151, 151, 151, 151, 151, 151, 151, 198]
[2026/05/19 21:41:56] hftrainer INFO: Creating skip context for batch with B=8, L=360, D=151
[2026/05/19 21:41:56] hftrainer INFO: train_step: Skipping batch due to: dimension_mismatch
[2026/05/19 21:41:57] hftrainer WARNING: Skipping batch: found motion dims {198, 151} != 151. Batch has mixed dimensions: [151, 151, 151, 198, 151, 151, 151, 151]
[2026/05/19 21:41:57] hftrainer INFO: Creating skip context for batch with B=8, L=360, D=151
[2026/05/19 21:41:57] hftrainer INFO: train_step: Skipping batch due to: dimension_mismatch
[2026/05/19 21:41:57] hftrainer INFO: epoch [1/1000]  step [830/50944]  loss=0.0000  data_time=0.06s  train_time=0.00s  eta=292d 01:37:10
[2026/05/19 21:41:57] hftrainer WARNING: Skipping batch: found motion dims {198, 151} != 151. Batch has mixed dimensions: [151, 151, 151, 151, 151, 198, 151, 151]
[2026/05/19 21:41:57] hftrainer INFO: Creating skip context for batch with B=8, L=360, D=151
[2026/05/19 21:41:57] hftrainer INFO: train_step: Skipping batch due to: dimension_mismatch
[2026/05/19 21:41:57] hftrainer WARNING: Skipping batch: found motion dims {198, 151} != 151. Batch has mixed dimensions: [151, 151, 151, 151, 198, 151, 151, 198]
[2026/05/19 21:41:57] hftrainer INFO: Creating skip context for batch with B=8, L=360, D=151
[2026/05/19 21:41:57] hftrainer INFO: train_step: Skipping batch due to: dimension_mismatch
[2026/05/19 21:41:57] hftrainer WARNING: Skipping batch: found motion dims {198, 151} != 151. Batch has mixed dimensions: [151, 198, 151, 151, 151, 198, 151, 151]
[2026/05/19 21:41:57] hftrainer INFO: Creating skip context for batch with B=8, L=360, D=151
[2026/05/19 21:41:57] hftrainer INFO: train_step: Skipping batch due to: dimension_mismatch
[2026/05/19 21:41:57] hftrainer WARNING: Skipping batch: found motion dims {198, 151} != 151. Batch has mixed dimensions: [151, 151, 151, 151, 151, 198, 151, 151]
[2026/05/19 21:41:57] hftrainer INFO: Creating skip context for batch with B=8, L=360, D=151
[2026/05/19 21:41:57] hftrainer INFO: train_step: Skipping batch due to: dimension_mismatch
[2026/05/19 21:42:00] hftrainer WARNING: Skipping batch: found motion dims {198, 151} != 151. Batch has mixed dimensions: [151, 151, 151, 151, 151, 198, 151, 151]
[2026/05/19 21:42:00] hftrainer INFO: Creating skip context for batch with B=8, L=360, D=151
[2026/05/19 21:42:00] hftrainer INFO: train_step: Skipping batch due to: dimension_mismatch
[2026/05/19 21:42:00] hftrainer WARNING: Skipping batch: found motion dims {198, 151} != 151. Batch has mixed dimensions: [151, 198, 198, 151, 151, 151, 198, 151]
[2026/05/19 21:42:00] hftrainer INFO: Creating skip context for batch with B=8, L=360, D=151
[2026/05/19 21:42:00] hftrainer INFO: train_step: Skipping batch due to: dimension_mismatch
[2026/05/19 21:42:00] hftrainer WARNING: Skipping batch: found motion dims {198, 151} != 151. Batch has mixed dimensions: [198, 151, 151, 151, 151, 151, 151, 151]
[2026/05/19 21:42:00] hftrainer INFO: Creating skip context for batch with B=8, L=360, D=151
[2026/05/19 21:42:00] hftrainer INFO: train_step: Skipping batch due to: dimension_mismatch
[2026/05/19 21:42:00] hftrainer WARNING: Skipping batch: found motion dims {198, 151} != 151. Batch has mixed dimensions: [151, 151, 198, 151, 151, 151, 151, 151]
[2026/05/19 21:42:00] hftrainer INFO: Creating skip context for batch with B=8, L=360, D=151
[2026/05/19 21:42:00] hftrainer INFO: train_step: Skipping batch due to: dimension_mismatch
[2026/05/19 21:42:00] hftrainer INFO: epoch [1/1000]  step [840/50944]  loss=0.0000  data_time=0.04s  train_time=0.00s  eta=283d 21:54:52
[2026/05/19 21:42:02] hftrainer WARNING: Skipping batch: found motion dims {198, 151} != 151. Batch has mixed dimensions: [151, 151, 198, 151, 151, 151, 151, 151]
[2026/05/19 21:42:02] hftrainer INFO: Creating skip context for batch with B=8, L=360, D=151
[2026/05/19 21:42:02] hftrainer INFO: train_step: Skipping batch due to: dimension_mismatch
[2026/05/19 21:42:03] hftrainer WARNING: Skipping batch: found motion dims {198, 151} != 151. Batch has mixed dimensions: [198, 151, 198, 151, 151, 151, 151, 151]
[2026/05/19 21:42:03] hftrainer INFO: Creating skip context for batch with B=8, L=360, D=151
[2026/05/19 21:42:03] hftrainer INFO: train_step: Skipping batch due to: dimension_mismatch
[2026/05/19 21:42:03] hftrainer WARNING: Skipping batch: found motion dims {198, 151} != 151. Batch has mixed dimensions: [151, 151, 151, 151, 151, 151, 198, 151]
[2026/05/19 21:42:03] hftrainer INFO: Creating skip context for batch with B=8, L=360, D=151
[2026/05/19 21:42:03] hftrainer INFO: train_step: Skipping batch due to: dimension_mismatch
[2026/05/19 21:42:04] hftrainer WARNING: Skipping batch: found motion dims {198, 151} != 151. Batch has mixed dimensions: [151, 151, 151, 151, 151, 151, 198, 151]
[2026/05/19 21:42:04] hftrainer INFO: Creating skip context for batch with B=8, L=360, D=151
[2026/05/19 21:42:04] hftrainer INFO: train_step: Skipping batch due to: dimension_mismatch
[2026/05/19 21:42:04] hftrainer WARNING: Skipping batch: found motion dims {198, 151} != 151. Batch has mixed dimensions: [151, 198, 151, 198, 151, 198, 198, 151]
[2026/05/19 21:42:04] hftrainer INFO: Creating skip context for batch with B=8, L=360, D=151
[2026/05/19 21:42:04] hftrainer INFO: train_step: Skipping batch due to: dimension_mismatch
[2026/05/19 21:42:04] hftrainer WARNING: Skipping batch: found motion dims {198, 151} != 151. Batch has mixed dimensions: [198, 198, 151, 151, 151, 151, 151, 151]
[2026/05/19 21:42:04] hftrainer INFO: Creating skip context for batch with B=8, L=360, D=151
[2026/05/19 21:42:04] hftrainer INFO: train_step: Skipping batch due to: dimension_mismatch
[2026/05/19 21:42:04] hftrainer WARNING: Skipping batch: found motion dims {198, 151} != 151. Batch has mixed dimensions: [151, 151, 151, 198, 151, 151, 151, 151]
[2026/05/19 21:42:04] hftrainer INFO: Creating skip context for batch with B=8, L=360, D=151
[2026/05/19 21:42:04] hftrainer INFO: train_step: Skipping batch due to: dimension_mismatch
[2026/05/19 21:42:04] hftrainer WARNING: Skipping batch: found motion dims {198, 151} != 151. Batch has mixed dimensions: [151, 151, 151, 151, 151, 151, 198, 198]
[2026/05/19 21:42:04] hftrainer INFO: Creating skip context for batch with B=8, L=360, D=151
[2026/05/19 21:42:04] hftrainer INFO: train_step: Skipping batch due to: dimension_mismatch
[2026/05/19 21:42:04] hftrainer INFO: epoch [1/1000]  step [850/50944]  loss=0.0000  data_time=0.08s  train_time=0.00s  eta=283d 19:49:30
[2026/05/19 21:42:04] hftrainer WARNING: Skipping batch: found motion dims {198, 151} != 151. Batch has mixed dimensions: [151, 198, 151, 151, 151, 151, 151, 151]
[2026/05/19 21:42:04] hftrainer INFO: Creating skip context for batch with B=8, L=360, D=151
[2026/05/19 21:42:04] hftrainer INFO: train_step: Skipping batch due to: dimension_mismatch
[2026/05/19 21:42:06] hftrainer WARNING: Skipping batch: found motion dims {198, 151} != 151. Batch has mixed dimensions: [151, 151, 198, 151, 151, 198, 151, 198]
[2026/05/19 21:42:06] hftrainer INFO: Creating skip context for batch with B=8, L=360, D=151
[2026/05/19 21:42:06] hftrainer INFO: train_step: Skipping batch due to: dimension_mismatch
[2026/05/19 21:42:06] hftrainer WARNING: Skipping batch: found motion dims {198, 151} != 151. Batch has mixed dimensions: [198, 151, 198, 151, 198, 151, 198, 151]
[2026/05/19 21:42:06] hftrainer INFO: Creating skip context for batch with B=8, L=360, D=151
[2026/05/19 21:42:06] hftrainer INFO: train_step: Skipping batch due to: dimension_mismatch
[2026/05/19 21:42:06] hftrainer WARNING: Skipping batch: found motion dims {198, 151} != 151. Batch has mixed dimensions: [198, 151, 151, 151, 151, 151, 151, 151]
[2026/05/19 21:42:06] hftrainer INFO: Creating skip context for batch with B=8, L=360, D=151
[2026/05/19 21:42:06] hftrainer INFO: train_step: Skipping batch due to: dimension_mismatch
[2026/05/19 21:42:07] hftrainer WARNING: Skipping batch: found motion dims {198, 151} != 151. Batch has mixed dimensions: [151, 151, 151, 198, 198, 151, 151, 151]
[2026/05/19 21:42:07] hftrainer INFO: Creating skip context for batch with B=8, L=360, D=151
[2026/05/19 21:42:07] hftrainer INFO: train_step: Skipping batch due to: dimension_mismatch
[2026/05/19 21:42:07] hftrainer WARNING: Skipping batch: found motion dims {198, 151} != 151. Batch has mixed dimensions: [151, 151, 151, 151, 151, 198, 151, 151]
[2026/05/19 21:42:07] hftrainer INFO: Creating skip context for batch with B=8, L=360, D=151
[2026/05/19 21:42:07] hftrainer INFO: train_step: Skipping batch due to: dimension_mismatch
[2026/05/19 21:42:08] hftrainer WARNING: Skipping batch: found motion dims {198, 151} != 151. Batch has mixed dimensions: [198, 151, 151, 151, 151, 151, 151, 151]
[2026/05/19 21:42:08] hftrainer INFO: Creating skip context for batch with B=8, L=360, D=151
[2026/05/19 21:42:08] hftrainer INFO: train_step: Skipping batch due to: dimension_mismatch
[2026/05/19 21:42:08] hftrainer WARNING: Skipping batch: found motion dims {198, 151} != 151. Batch has mixed dimensions: [151, 151, 151, 151, 151, 198, 151, 151]
[2026/05/19 21:42:08] hftrainer INFO: Creating skip context for batch with B=8, L=360, D=151
[2026/05/19 21:42:08] hftrainer INFO: train_step: Skipping batch due to: dimension_mismatch
[2026/05/19 21:42:08] hftrainer INFO: epoch [1/1000]  step [860/50944]  loss=0.0000  data_time=0.05s  train_time=0.00s  eta=287d 17:42:33
[2026/05/19 21:42:08] hftrainer WARNING: Skipping batch: found motion dims {198, 151} != 151. Batch has mixed dimensions: [151, 151, 198, 151, 198, 151, 151, 151]
[2026/05/19 21:42:08] hftrainer INFO: Creating skip context for batch with B=8, L=360, D=151
[2026/05/19 21:42:08] hftrainer INFO: train_step: Skipping batch due to: dimension_mismatch
[2026/05/19 21:42:08] hftrainer WARNING: Skipping batch: found motion dims {198, 151} != 151. Batch has mixed dimensions: [198, 151, 151, 151, 151, 151, 151, 151]
[2026/05/19 21:42:08] hftrainer INFO: Creating skip context for batch with B=8, L=360, D=151
[2026/05/19 21:42:08] hftrainer INFO: train_step: Skipping batch due to: dimension_mismatch
[2026/05/19 21:42:08] hftrainer WARNING: Skipping batch: found motion dims {198, 151} != 151. Batch has mixed dimensions: [151, 151, 198, 198, 151, 151, 151, 151]
[2026/05/19 21:42:08] hftrainer INFO: Creating skip context for batch with B=8, L=360, D=151
[2026/05/19 21:42:08] hftrainer INFO: train_step: Skipping batch due to: dimension_mismatch
[2026/05/19 21:42:08] hftrainer WARNING: Skipping batch: found motion dims {198, 151} != 151. Batch has mixed dimensions: [151, 151, 198, 151, 151, 151, 151, 151]
[2026/05/19 21:42:08] hftrainer INFO: Creating skip context for batch with B=8, L=360, D=151
[2026/05/19 21:42:08] hftrainer INFO: train_step: Skipping batch due to: dimension_mismatch
[2026/05/19 21:42:08] hftrainer WARNING: Skipping batch: found motion dims {198, 151} != 151. Batch has mixed dimensions: [151, 151, 151, 151, 151, 151, 198, 151]
[2026/05/19 21:42:08] hftrainer INFO: Creating skip context for batch with B=8, L=360, D=151
[2026/05/19 21:42:08] hftrainer INFO: train_step: Skipping batch due to: dimension_mismatch
[2026/05/19 21:42:09] hftrainer WARNING: Skipping batch: found motion dims {198, 151} != 151. Batch has mixed dimensions: [151, 151, 198, 151, 151, 151, 151, 151]
[2026/05/19 21:42:09] hftrainer INFO: Creating skip context for batch with B=8, L=360, D=151
[2026/05/19 21:42:09] hftrainer INFO: train_step: Skipping batch due to: dimension_mismatch
[2026/05/19 21:42:09] hftrainer WARNING: Skipping batch: found motion dims {198, 151} != 151. Batch has mixed dimensions: [151, 151, 151, 198, 151, 151, 198, 151]
[2026/05/19 21:42:09] hftrainer INFO: Creating skip context for batch with B=8, L=360, D=151
[2026/05/19 21:42:09] hftrainer INFO: train_step: Skipping batch due to: dimension_mismatch
[2026/05/19 21:42:10] hftrainer WARNING: Skipping batch: found motion dims {198, 151} != 151. Batch has mixed dimensions: [151, 198, 151, 151, 151, 151, 198, 151]
[2026/05/19 21:42:10] hftrainer INFO: Creating skip context for batch with B=8, L=360, D=151
[2026/05/19 21:42:10] hftrainer INFO: train_step: Skipping batch due to: dimension_mismatch
[2026/05/19 21:42:10] hftrainer WARNING: Skipping batch: found motion dims {198, 151} != 151. Batch has mixed dimensions: [151, 151, 151, 151, 151, 151, 198, 198]
[2026/05/19 21:42:10] hftrainer INFO: Creating skip context for batch with B=8, L=360, D=151
[2026/05/19 21:42:10] hftrainer INFO: train_step: Skipping batch due to: dimension_mismatch
[2026/05/19 21:42:10] hftrainer INFO: epoch [1/1000]  step [870/50944]  loss=0.0000  data_time=0.04s  train_time=0.01s  eta=261d 19:27:02
[2026/05/19 21:42:10] hftrainer WARNING: Skipping batch: found motion dims {198, 151} != 151. Batch has mixed dimensions: [151, 151, 151, 151, 151, 151, 151, 198]
[2026/05/19 21:42:10] hftrainer INFO: Creating skip context for batch with B=8, L=360, D=151
[2026/05/19 21:42:10] hftrainer INFO: train_step: Skipping batch due to: dimension_mismatch
[2026/05/19 21:42:15] hftrainer WARNING: Skipping batch: found motion dims {198, 151} != 151. Batch has mixed dimensions: [198, 151, 151, 151, 151, 151, 151, 151]
[2026/05/19 21:42:15] hftrainer INFO: Creating skip context for batch with B=8, L=360, D=151
[2026/05/19 21:42:15] hftrainer INFO: train_step: Skipping batch due to: dimension_mismatch
[2026/05/19 21:42:17] hftrainer WARNING: Skipping batch: found motion dims {198, 151} != 151. Batch has mixed dimensions: [151, 151, 151, 151, 151, 151, 151, 198]
[2026/05/19 21:42:17] hftrainer INFO: Creating skip context for batch with B=8, L=360, D=151
[2026/05/19 21:42:17] hftrainer INFO: train_step: Skipping batch due to: dimension_mismatch
[2026/05/19 21:42:17] hftrainer WARNING: Skipping batch: found motion dims {198, 151} != 151. Batch has mixed dimensions: [151, 151, 198, 151, 151, 151, 151, 151]
[2026/05/19 21:42:17] hftrainer INFO: Creating skip context for batch with B=8, L=360, D=151
[2026/05/19 21:42:17] hftrainer INFO: train_step: Skipping batch due to: dimension_mismatch
[2026/05/19 21:42:18] hftrainer WARNING: Skipping batch: found motion dims {198, 151} != 151. Batch has mixed dimensions: [198, 151, 198, 151, 151, 198, 198, 151]
[2026/05/19 21:42:18] hftrainer INFO: Creating skip context for batch with B=8, L=360, D=151
[2026/05/19 21:42:18] hftrainer INFO: train_step: Skipping batch due to: dimension_mismatch
[2026/05/19 21:42:18] hftrainer INFO: epoch [1/1000]  step [880/50944]  loss=0.0000  data_time=0.40s  train_time=0.01s  eta=252d 16:07:43
[2026/05/19 21:42:18] hftrainer WARNING: Skipping batch: found motion dims {198, 151} != 151. Batch has mixed dimensions: [151, 151, 151, 151, 198, 151, 198, 151]
[2026/05/19 21:42:18] hftrainer INFO: Creating skip context for batch with B=8, L=360, D=151
[2026/05/19 21:42:19] hftrainer INFO: train_step: Skipping batch due to: dimension_mismatch
[2026/05/19 21:42:20] hftrainer WARNING: Skipping batch: found motion dims {198, 151} != 151. Batch has mixed dimensions: [151, 198, 151, 151, 151, 151, 151, 151]
[2026/05/19 21:42:20] hftrainer INFO: Creating skip context for batch with B=8, L=360, D=151
[2026/05/19 21:42:20] hftrainer INFO: train_step: Skipping batch due to: dimension_mismatch
[2026/05/19 21:42:22] hftrainer WARNING: Skipping batch: found motion dims {198, 151} != 151. Batch has mixed dimensions: [151, 151, 151, 198, 151, 198, 151, 151]
[2026/05/19 21:42:22] hftrainer INFO: Creating skip context for batch with B=8, L=360, D=151
[2026/05/19 21:42:22] hftrainer INFO: train_step: Skipping batch due to: dimension_mismatch
[2026/05/19 21:42:23] hftrainer WARNING: Skipping batch: found motion dims {198, 151} != 151. Batch has mixed dimensions: [198, 151, 151, 151, 151, 198, 151, 151]
[2026/05/19 21:42:23] hftrainer INFO: Creating skip context for batch with B=8, L=360, D=151
[2026/05/19 21:42:23] hftrainer INFO: train_step: Skipping batch due to: dimension_mismatch
[2026/05/19 21:42:23] hftrainer WARNING: Skipping batch: found motion dims {198, 151} != 151. Batch has mixed dimensions: [151, 151, 151, 151, 198, 151, 151, 151]
[2026/05/19 21:42:23] hftrainer INFO: Creating skip context for batch with B=8, L=360, D=151
[2026/05/19 21:42:23] hftrainer INFO: train_step: Skipping batch due to: dimension_mismatch
[2026/05/19 21:42:23] hftrainer WARNING: Skipping batch: found motion dims {198, 151} != 151. Batch has mixed dimensions: [151, 151, 151, 198, 151, 151, 151, 151]
[2026/05/19 21:42:23] hftrainer INFO: Creating skip context for batch with B=8, L=360, D=151
[2026/05/19 21:42:23] hftrainer INFO: train_step: Skipping batch due to: dimension_mismatch
[2026/05/19 21:42:23] hftrainer WARNING: Skipping batch: found motion dims {198, 151} != 151. Batch has mixed dimensions: [151, 151, 198, 151, 151, 151, 151, 151]
[2026/05/19 21:42:23] hftrainer INFO: Creating skip context for batch with B=8, L=360, D=151
[2026/05/19 21:42:23] hftrainer INFO: train_step: Skipping batch due to: dimension_mismatch
[2026/05/19 21:42:23] hftrainer INFO: epoch [1/1000]  step [890/50944]  loss=0.0000  data_time=0.05s  train_time=0.00s  eta=263d 00:25:15
[2026/05/19 21:42:24] hftrainer WARNING: Skipping batch: found motion dims {198, 151} != 151. Batch has mixed dimensions: [151, 151, 151, 151, 198, 151, 198, 151]
[2026/05/19 21:42:24] hftrainer INFO: Creating skip context for batch with B=8, L=360, D=151
[2026/05/19 21:42:24] hftrainer INFO: train_step: Skipping batch due to: dimension_mismatch
[2026/05/19 21:42:27] hftrainer WARNING: Skipping batch: found motion dims {198, 151} != 151. Batch has mixed dimensions: [151, 151, 151, 151, 198, 151, 198, 151]
[2026/05/19 21:42:27] hftrainer INFO: Creating skip context for batch with B=8, L=360, D=151
[2026/05/19 21:42:27] hftrainer INFO: train_step: Skipping batch due to: dimension_mismatch
[2026/05/19 21:42:28] hftrainer WARNING: Skipping batch: found motion dims {198, 151} != 151. Batch has mixed dimensions: [151, 198, 151, 151, 151, 151, 198, 151]
[2026/05/19 21:42:28] hftrainer INFO: Creating skip context for batch with B=8, L=360, D=151
[2026/05/19 21:42:28] hftrainer INFO: train_step: Skipping batch due to: dimension_mismatch
[2026/05/19 21:42:28] hftrainer WARNING: Skipping batch: found motion dims {198, 151} != 151. Batch has mixed dimensions: [151, 151, 151, 198, 151, 151, 151, 151]
[2026/05/19 21:42:28] hftrainer INFO: Creating skip context for batch with B=8, L=360, D=151
[2026/05/19 21:42:28] hftrainer INFO: train_step: Skipping batch due to: dimension_mismatch
[2026/05/19 21:42:30] hftrainer WARNING: Skipping batch: found motion dims {198, 151} != 151. Batch has mixed dimensions: [198, 198, 151, 151, 198, 198, 151, 198]
[2026/05/19 21:42:30] hftrainer INFO: Creating skip context for batch with B=8, L=360, D=151
[2026/05/19 21:42:30] hftrainer INFO: train_step: Skipping batch due to: dimension_mismatch
[2026/05/19 21:42:32] hftrainer INFO: epoch [1/1000]  step [900/50944]  loss=0.9297  loss_velocity=0.8575  loss_x1=0.0000  loss_smoothness=0.0722  data_time=0.05s  train_time=1.18s  eta=276d 13:03:42
[2026/05/19 21:42:32] hftrainer WARNING: Skipping batch: found motion dims {198, 151} != 151. Batch has mixed dimensions: [151, 198, 151, 151, 151, 151, 151, 151]
[2026/05/19 21:42:32] hftrainer INFO: Creating skip context for batch with B=8, L=360, D=151
[2026/05/19 21:42:32] hftrainer INFO: train_step: Skipping batch due to: dimension_mismatch
[2026/05/19 21:42:32] hftrainer WARNING: Skipping batch: found motion dims {198, 151} != 151. Batch has mixed dimensions: [151, 151, 198, 151, 198, 151, 151, 151]
[2026/05/19 21:42:32] hftrainer INFO: Creating skip context for batch with B=8, L=360, D=151
[2026/05/19 21:42:32] hftrainer INFO: train_step: Skipping batch due to: dimension_mismatch
[2026/05/19 21:42:35] hftrainer WARNING: Skipping batch: found motion dims {198, 151} != 151. Batch has mixed dimensions: [198, 151, 198, 151, 151, 151, 198, 151]
[2026/05/19 21:42:35] hftrainer INFO: Creating skip context for batch with B=8, L=360, D=151
[2026/05/19 21:42:35] hftrainer INFO: train_step: Skipping batch due to: dimension_mismatch
[2026/05/19 21:42:35] hftrainer WARNING: Skipping batch: found motion dims {198, 151} != 151. Batch has mixed dimensions: [198, 151, 151, 151, 151, 151, 198, 151]
[2026/05/19 21:42:35] hftrainer INFO: Creating skip context for batch with B=8, L=360, D=151
[2026/05/19 21:42:35] hftrainer INFO: train_step: Skipping batch due to: dimension_mismatch
[2026/05/19 21:42:38] hftrainer WARNING: Skipping batch: found motion dims {198, 151} != 151. Batch has mixed dimensions: [198, 151, 198, 151, 151, 198, 151, 151]
[2026/05/19 21:42:38] hftrainer INFO: Creating skip context for batch with B=8, L=360, D=151
[2026/05/19 21:42:38] hftrainer INFO: train_step: Skipping batch due to: dimension_mismatch
[2026/05/19 21:42:38] hftrainer WARNING: Skipping batch: found motion dims {198, 151} != 151. Batch has mixed dimensions: [198, 151, 151, 151, 151, 151, 151, 151]
[2026/05/19 21:42:38] hftrainer INFO: Creating skip context for batch with B=8, L=360, D=151
[2026/05/19 21:42:38] hftrainer INFO: train_step: Skipping batch due to: dimension_mismatch
[2026/05/19 21:42:38] hftrainer INFO: epoch [1/1000]  step [910/50944]  loss=0.0000  data_time=0.05s  train_time=0.00s  eta=295d 18:13:45
[2026/05/19 21:42:38] hftrainer WARNING: Skipping batch: found motion dims {198, 151} != 151. Batch has mixed dimensions: [198, 151, 151, 151, 151, 151, 151, 151]
[2026/05/19 21:42:38] hftrainer INFO: Creating skip context for batch with B=8, L=360, D=151
[2026/05/19 21:42:38] hftrainer INFO: train_step: Skipping batch due to: dimension_mismatch
[2026/05/19 21:42:38] hftrainer WARNING: Skipping batch: found motion dims {198, 151} != 151. Batch has mixed dimensions: [151, 151, 198, 151, 151, 198, 151, 151]
[2026/05/19 21:42:38] hftrainer INFO: Creating skip context for batch with B=8, L=360, D=151
[2026/05/19 21:42:38] hftrainer INFO: train_step: Skipping batch due to: dimension_mismatch
[2026/05/19 21:42:38] hftrainer WARNING: Skipping batch: found motion dims {198, 151} != 151. Batch has mixed dimensions: [151, 151, 151, 151, 151, 151, 198, 151]
[2026/05/19 21:42:38] hftrainer INFO: Creating skip context for batch with B=8, L=360, D=151
[2026/05/19 21:42:38] hftrainer INFO: train_step: Skipping batch due to: dimension_mismatch
[2026/05/19 21:42:38] hftrainer WARNING: Skipping batch: found motion dims {198, 151} != 151. Batch has mixed dimensions: [151, 151, 151, 198, 151, 198, 151, 151]
[2026/05/19 21:42:38] hftrainer INFO: Creating skip context for batch with B=8, L=360, D=151
[2026/05/19 21:42:38] hftrainer INFO: train_step: Skipping batch due to: dimension_mismatch
[2026/05/19 21:42:40] hftrainer WARNING: Skipping batch: found motion dims {198, 151} != 151. Batch has mixed dimensions: [198, 151, 151, 151, 151, 151, 198, 151]
[2026/05/19 21:42:40] hftrainer INFO: Creating skip context for batch with B=8, L=360, D=151
[2026/05/19 21:42:40] hftrainer INFO: train_step: Skipping batch due to: dimension_mismatch
[2026/05/19 21:42:40] hftrainer WARNING: Skipping batch: found motion dims {198, 151} != 151. Batch has mixed dimensions: [151, 151, 198, 151, 151, 198, 151, 151]
[2026/05/19 21:42:40] hftrainer INFO: Creating skip context for batch with B=8, L=360, D=151
[2026/05/19 21:42:40] hftrainer INFO: train_step: Skipping batch due to: dimension_mismatch
[2026/05/19 21:42:40] hftrainer WARNING: Skipping batch: found motion dims {198, 151} != 151. Batch has mixed dimensions: [151, 151, 151, 151, 198, 151, 151, 198]
[2026/05/19 21:42:40] hftrainer INFO: Creating skip context for batch with B=8, L=360, D=151
[2026/05/19 21:42:40] hftrainer INFO: train_step: Skipping batch due to: dimension_mismatch
[2026/05/19 21:42:40] hftrainer WARNING: Skipping batch: found motion dims {198, 151} != 151. Batch has mixed dimensions: [198, 151, 151, 151, 151, 151, 151, 198]
[2026/05/19 21:42:40] hftrainer INFO: Creating skip context for batch with B=8, L=360, D=151
[2026/05/19 21:42:40] hftrainer INFO: train_step: Skipping batch due to: dimension_mismatch
[2026/05/19 21:42:40] hftrainer WARNING: Skipping batch: found motion dims {198, 151} != 151. Batch has mixed dimensions: [151, 151, 151, 151, 151, 151, 198, 151]
[2026/05/19 21:42:40] hftrainer INFO: Creating skip context for batch with B=8, L=360, D=151
[2026/05/19 21:42:40] hftrainer INFO: train_step: Skipping batch due to: dimension_mismatch
[2026/05/19 21:42:40] hftrainer INFO: epoch [1/1000]  step [920/50944]  loss=0.0000  data_time=0.04s  train_time=0.00s  eta=269d 16:44:28
[2026/05/19 21:42:40] hftrainer WARNING: Skipping batch: found motion dims {198, 151} != 151. Batch has mixed dimensions: [151, 151, 151, 198, 151, 151, 151, 198]
[2026/05/19 21:42:40] hftrainer INFO: Creating skip context for batch with B=8, L=360, D=151
[2026/05/19 21:42:40] hftrainer INFO: train_step: Skipping batch due to: dimension_mismatch
[2026/05/19 21:42:40] hftrainer WARNING: Skipping batch: found motion dims {198, 151} != 151. Batch has mixed dimensions: [151, 151, 151, 198, 151, 151, 151, 151]
[2026/05/19 21:42:40] hftrainer INFO: Creating skip context for batch with B=8, L=360, D=151
[2026/05/19 21:42:40] hftrainer INFO: train_step: Skipping batch due to: dimension_mismatch
[2026/05/19 21:42:40] hftrainer WARNING: Skipping batch: found motion dims {198, 151} != 151. Batch has mixed dimensions: [198, 151, 151, 198, 151, 198, 151, 151]
[2026/05/19 21:42:40] hftrainer INFO: Creating skip context for batch with B=8, L=360, D=151
[2026/05/19 21:42:40] hftrainer INFO: train_step: Skipping batch due to: dimension_mismatch
[2026/05/19 21:42:41] hftrainer WARNING: Skipping batch: found motion dims {198, 151} != 151. Batch has mixed dimensions: [151, 151, 198, 151, 151, 151, 151, 151]
[2026/05/19 21:42:41] hftrainer INFO: Creating skip context for batch with B=8, L=360, D=151
[2026/05/19 21:42:41] hftrainer INFO: train_step: Skipping batch due to: dimension_mismatch
[2026/05/19 21:42:41] hftrainer WARNING: Skipping batch: found motion dims {198, 151} != 151. Batch has mixed dimensions: [198, 198, 151, 198, 151, 151, 151, 151]
[2026/05/19 21:42:41] hftrainer INFO: Creating skip context for batch with B=8, L=360, D=151
[2026/05/19 21:42:41] hftrainer INFO: train_step: Skipping batch due to: dimension_mismatch
[2026/05/19 21:42:42] hftrainer WARNING: Skipping batch: found motion dims {198, 151} != 151. Batch has mixed dimensions: [151, 151, 151, 198, 151, 151, 151, 151]
[2026/05/19 21:42:42] hftrainer INFO: Creating skip context for batch with B=8, L=360, D=151
[2026/05/19 21:42:42] hftrainer INFO: train_step: Skipping batch due to: dimension_mismatch
[2026/05/19 21:42:42] hftrainer WARNING: Skipping batch: found motion dims {198, 151} != 151. Batch has mixed dimensions: [151, 198, 151, 198, 151, 151, 198, 151]
[2026/05/19 21:42:42] hftrainer INFO: Creating skip context for batch with B=8, L=360, D=151
[2026/05/19 21:42:42] hftrainer INFO: train_step: Skipping batch due to: dimension_mismatch
[2026/05/19 21:42:42] hftrainer WARNING: Skipping batch: found motion dims {198, 151} != 151. Batch has mixed dimensions: [151, 198, 151, 151, 151, 151, 151, 151]
[2026/05/19 21:42:42] hftrainer INFO: Creating skip context for batch with B=8, L=360, D=151
[2026/05/19 21:42:42] hftrainer INFO: train_step: Skipping batch due to: dimension_mismatch
[2026/05/19 21:42:43] hftrainer WARNING: Skipping batch: found motion dims {198, 151} != 151. Batch has mixed dimensions: [198, 151, 198, 151, 151, 151, 151, 151]
[2026/05/19 21:42:43] hftrainer INFO: Creating skip context for batch with B=8, L=360, D=151
[2026/05/19 21:42:43] hftrainer INFO: train_step: Skipping batch due to: dimension_mismatch
[2026/05/19 21:42:43] hftrainer INFO: epoch [1/1000]  step [930/50944]  loss=0.0000  data_time=0.04s  train_time=0.01s  eta=271d 03:47:55
[2026/05/19 21:42:44] hftrainer WARNING: Skipping batch: found motion dims {198, 151} != 151. Batch has mixed dimensions: [151, 151, 151, 198, 198, 151, 151, 151]
[2026/05/19 21:42:44] hftrainer INFO: Creating skip context for batch with B=8, L=360, D=151
[2026/05/19 21:42:44] hftrainer INFO: train_step: Skipping batch due to: dimension_mismatch
[2026/05/19 21:42:44] hftrainer WARNING: Skipping batch: found motion dims {198, 151} != 151. Batch has mixed dimensions: [198, 151, 198, 151, 151, 151, 198, 151]
[2026/05/19 21:42:44] hftrainer INFO: Creating skip context for batch with B=8, L=360, D=151
[2026/05/19 21:42:44] hftrainer INFO: train_step: Skipping batch due to: dimension_mismatch
[2026/05/19 21:42:44] hftrainer WARNING: Skipping batch: found motion dims {198, 151} != 151. Batch has mixed dimensions: [151, 151, 151, 151, 151, 151, 198, 151]
[2026/05/19 21:42:44] hftrainer INFO: Creating skip context for batch with B=8, L=360, D=151
[2026/05/19 21:42:44] hftrainer INFO: train_step: Skipping batch due to: dimension_mismatch
[2026/05/19 21:42:44] hftrainer WARNING: Skipping batch: found motion dims {198, 151} != 151. Batch has mixed dimensions: [151, 151, 198, 151, 151, 151, 151, 151]
[2026/05/19 21:42:44] hftrainer INFO: Creating skip context for batch with B=8, L=360, D=151
[2026/05/19 21:42:44] hftrainer INFO: train_step: Skipping batch due to: dimension_mismatch
[2026/05/19 21:42:44] hftrainer WARNING: Skipping batch: found motion dims {198, 151} != 151. Batch has mixed dimensions: [151, 151, 151, 151, 151, 151, 198, 151]
[2026/05/19 21:42:44] hftrainer INFO: Creating skip context for batch with B=8, L=360, D=151
[2026/05/19 21:42:44] hftrainer INFO: train_step: Skipping batch due to: dimension_mismatch
[2026/05/19 21:42:44] hftrainer WARNING: Skipping batch: found motion dims {198, 151} != 151. Batch has mixed dimensions: [151, 151, 198, 151, 198, 151, 151, 151]
[2026/05/19 21:42:44] hftrainer INFO: Creating skip context for batch with B=8, L=360, D=151
[2026/05/19 21:42:44] hftrainer INFO: train_step: Skipping batch due to: dimension_mismatch
[2026/05/19 21:42:44] hftrainer WARNING: Skipping batch: found motion dims {198, 151} != 151. Batch has mixed dimensions: [151, 151, 151, 198, 151, 198, 151, 151]
[2026/05/19 21:42:44] hftrainer INFO: Creating skip context for batch with B=8, L=360, D=151
[2026/05/19 21:42:44] hftrainer INFO: train_step: Skipping batch due to: dimension_mismatch
[2026/05/19 21:42:45] hftrainer WARNING: Skipping batch: found motion dims {198, 151} != 151. Batch has mixed dimensions: [151, 151, 198, 151, 151, 151, 151, 151]
[2026/05/19 21:42:45] hftrainer INFO: Creating skip context for batch with B=8, L=360, D=151
[2026/05/19 21:42:45] hftrainer INFO: train_step: Skipping batch due to: dimension_mismatch
[2026/05/19 21:42:46] hftrainer INFO: epoch [1/1000]  step [940/50944]  loss=0.6514  loss_velocity=0.5997  loss_x1=0.0000  loss_smoothness=0.0517  data_time=0.06s  train_time=1.17s  eta=268d 17:29:46
[2026/05/19 21:42:46] hftrainer WARNING: Skipping batch: found motion dims {198, 151} != 151. Batch has mixed dimensions: [151, 151, 151, 198, 151, 151, 151, 151]
[2026/05/19 21:42:46] hftrainer INFO: Creating skip context for batch with B=8, L=360, D=151
[2026/05/19 21:42:46] hftrainer INFO: train_step: Skipping batch due to: dimension_mismatch
[2026/05/19 21:42:48] hftrainer WARNING: Skipping batch: found motion dims {198, 151} != 151. Batch has mixed dimensions: [151, 151, 198, 198, 151, 151, 151, 151]
[2026/05/19 21:42:48] hftrainer INFO: Creating skip context for batch with B=8, L=360, D=151
[2026/05/19 21:42:48] hftrainer INFO: train_step: Skipping batch due to: dimension_mismatch
[2026/05/19 21:42:52] hftrainer WARNING: Skipping batch: found motion dims {198, 151} != 151. Batch has mixed dimensions: [151, 151, 151, 151, 151, 198, 151, 151]
[2026/05/19 21:42:52] hftrainer INFO: Creating skip context for batch with B=8, L=360, D=151
[2026/05/19 21:42:52] hftrainer INFO: train_step: Skipping batch due to: dimension_mismatch
[2026/05/19 21:42:53] hftrainer WARNING: Skipping batch: found motion dims {198, 151} != 151. Batch has mixed dimensions: [151, 151, 198, 151, 151, 151, 198, 151]
[2026/05/19 21:42:53] hftrainer INFO: Creating skip context for batch with B=8, L=360, D=151
[2026/05/19 21:42:53] hftrainer INFO: train_step: Skipping batch due to: dimension_mismatch
[2026/05/19 21:42:54] hftrainer WARNING: Skipping batch: found motion dims {198, 151} != 151. Batch has mixed dimensions: [151, 151, 151, 151, 198, 198, 151, 151]
[2026/05/19 21:42:54] hftrainer INFO: Creating skip context for batch with B=8, L=360, D=151
[2026/05/19 21:42:54] hftrainer INFO: train_step: Skipping batch due to: dimension_mismatch
[2026/05/19 21:42:54] hftrainer INFO: epoch [1/1000]  step [950/50944]  loss=0.0000  data_time=0.39s  train_time=0.01s  eta=296d 22:45:56
[2026/05/19 21:42:56] hftrainer WARNING: Skipping batch: found motion dims {198, 151} != 151. Batch has mixed dimensions: [151, 151, 151, 151, 198, 198, 151, 151]
[2026/05/19 21:42:56] hftrainer INFO: Creating skip context for batch with B=8, L=360, D=151
[2026/05/19 21:42:56] hftrainer INFO: train_step: Skipping batch due to: dimension_mismatch
[2026/05/19 21:42:57] hftrainer WARNING: Skipping batch: found motion dims {198, 151} != 151. Batch has mixed dimensions: [198, 151, 151, 151, 151, 151, 198, 151]
[2026/05/19 21:42:57] hftrainer INFO: Creating skip context for batch with B=8, L=360, D=151
[2026/05/19 21:42:57] hftrainer INFO: train_step: Skipping batch due to: dimension_mismatch
[2026/05/19 21:42:58] hftrainer WARNING: Skipping batch: found motion dims {198, 151} != 151. Batch has mixed dimensions: [151, 151, 151, 151, 198, 151, 151, 151]
[2026/05/19 21:42:58] hftrainer INFO: Creating skip context for batch with B=8, L=360, D=151
[2026/05/19 21:42:58] hftrainer INFO: train_step: Skipping batch due to: dimension_mismatch
[2026/05/19 21:42:58] hftrainer WARNING: Skipping batch: found motion dims {198, 151} != 151. Batch has mixed dimensions: [151, 198, 151, 151, 151, 151, 198, 151]
[2026/05/19 21:42:58] hftrainer INFO: Creating skip context for batch with B=8, L=360, D=151
[2026/05/19 21:42:58] hftrainer INFO: train_step: Skipping batch due to: dimension_mismatch
[2026/05/19 21:42:58] hftrainer WARNING: Skipping batch: found motion dims {198, 151} != 151. Batch has mixed dimensions: [198, 151, 151, 151, 151, 151, 151, 151]
[2026/05/19 21:42:58] hftrainer INFO: Creating skip context for batch with B=8, L=360, D=151
[2026/05/19 21:42:58] hftrainer INFO: train_step: Skipping batch due to: dimension_mismatch
[2026/05/19 21:42:58] hftrainer WARNING: Skipping batch: found motion dims {198, 151} != 151. Batch has mixed dimensions: [198, 151, 151, 151, 198, 151, 151, 151]
[2026/05/19 21:42:58] hftrainer INFO: Creating skip context for batch with B=8, L=360, D=151
[2026/05/19 21:42:58] hftrainer INFO: train_step: Skipping batch due to: dimension_mismatch
[2026/05/19 21:42:58] hftrainer WARNING: Skipping batch: found motion dims {198, 151} != 151. Batch has mixed dimensions: [151, 198, 151, 151, 151, 151, 198, 151]
[2026/05/19 21:42:58] hftrainer INFO: Creating skip context for batch with B=8, L=360, D=151
[2026/05/19 21:42:58] hftrainer INFO: train_step: Skipping batch due to: dimension_mismatch
[2026/05/19 21:42:58] hftrainer WARNING: Skipping batch: found motion dims {198, 151} != 151. Batch has mixed dimensions: [198, 151, 151, 151, 198, 198, 151, 151]
[2026/05/19 21:42:58] hftrainer INFO: Creating skip context for batch with B=8, L=360, D=151
[2026/05/19 21:42:58] hftrainer INFO: train_step: Skipping batch due to: dimension_mismatch
[2026/05/19 21:42:58] hftrainer INFO: epoch [1/1000]  step [960/50944]  loss=0.0000  data_time=0.07s  train_time=0.00s  eta=293d 03:15:14
[2026/05/19 21:42:58] hftrainer WARNING: Skipping batch: found motion dims {198, 151} != 151. Batch has mixed dimensions: [151, 151, 151, 151, 198, 151, 151, 151]
[2026/05/19 21:42:58] hftrainer INFO: Creating skip context for batch with B=8, L=360, D=151
[2026/05/19 21:42:58] hftrainer INFO: train_step: Skipping batch due to: dimension_mismatch
